file,n_points,n_segments,label_field,file_kb,min_label,max_label
valve_0001_lidar_classes.ply,6757,1,none,226.3,0,0
valve_0002_lidar_classes.ply,7022,1,none,237.4,0,0
valve_0003_lidar_classes.ply,7650,1,none,258.9,0,0
valve_0004_lidar_classes.ply,7126,1,none,241.7,0,0
valve_0005_lidar_classes.ply,7028,1,none,237.4,0,0
valve_0006_lidar_classes.ply,7256,1,none,245.6,0,0
valve_0007_lidar_classes.ply,7057,1,none,237.9,0,0
valve_0008_lidar_classes.ply,7308,1,none,247.1,0,0
valve_0009_lidar_classes.ply,7997,1,none,270.6,0,0
valve_0010_lidar_classes.ply,7393,1,none,247.9,0,0
valve_0011_lidar_classes.ply,7213,1,none,241.8,0,0
valve_0012_lidar_classes.ply,6399,1,none,215.7,0,0
valve_0013_lidar_classes.ply,6989,1,none,235.9,0,0
valve_0014_lidar_classes.ply,7018,1,none,237.4,0,0
valve_0015_lidar_classes.ply,7505,1,none,253.7,0,0
valve_0016_lidar_classes.ply,6824,1,none,229.9,0,0
valve_0017_lidar_classes.ply,8046,1,none,272.0,0,0
valve_0018_lidar_classes.ply,6428,1,none,215.3,0,0
valve_0019_lidar_classes.ply,8650,1,none,292.0,0,0
valve_0020_lidar_classes.ply,6943,1,none,234.5,0,0
valve_0021_lidar_classes.ply,7867,1,none,264.2,0,0
valve_0022_lidar_classes.ply,7541,1,none,255.3,0,0
valve_0023_lidar_classes.ply,8662,1,none,292.3,0,0
valve_0024_lidar_classes.ply,6905,1,none,233.1,0,0
valve_0025_lidar_classes.ply,7871,1,none,263.8,0,0
valve_0026_lidar_classes.ply,7496,1,none,250.8,0,0
valve_0027_lidar_classes.ply,7396,1,none,250.1,0,0
valve_0028_lidar_classes.ply,8258,1,none,278.1,0,0
valve_0029_lidar_classes.ply,7713,1,none,260.4,0,0
valve_0030_lidar_classes.ply,7422,1,none,251.3,0,0
valve_0031_lidar_classes.ply,7331,1,none,248.5,0,0
valve_0032_lidar_classes.ply,7347,1,none,249.1,0,0
valve_0033_lidar_classes.ply,7780,1,none,262.6,0,0
valve_0034_lidar_classes.ply,8432,1,none,284.0,0,0
valve_0035_lidar_classes.ply,6498,1,none,217.5,0,0
valve_0036_lidar_classes.ply,7499,1,none,250.9,0,0
valve_0037_lidar_classes.ply,6454,1,none,217.5,0,0
valve_0038_lidar_classes.ply,8131,1,none,271.9,0,0
valve_0039_lidar_classes.ply,7168,1,none,242.8,0,0
valve_0040_lidar_classes.ply,7182,1,none,242.7,0,0
valve_0041_lidar_classes.ply,7437,1,none,251.7,0,0
valve_0042_lidar_classes.ply,7321,1,none,247.8,0,0
valve_0043_lidar_classes.ply,8213,1,none,274.3,0,0
valve_0044_lidar_classes.ply,7488,1,none,250.4,0,0
valve_0045_lidar_classes.ply,6851,1,none,230.3,0,0
valve_0046_lidar_classes.ply,7791,1,none,263.6,0,0
valve_0047_lidar_classes.ply,7043,1,none,238.4,0,0
valve_0048_lidar_classes.ply,7521,1,none,254.6,0,0
valve_0049_lidar_classes.ply,6610,1,none,222.4,0,0
valve_0050_lidar_classes.ply,6705,1,none,225.4,0,0
valve_0051_lidar_classes.ply,7059,1,none,238.8,0,0
valve_0052_lidar_classes.ply,6930,1,none,234.8,0,0
valve_0053_lidar_classes.ply,8061,1,none,271.6,0,0
valve_0054_lidar_classes.ply,7188,1,none,243.5,0,0
valve_0055_lidar_classes.ply,7025,1,none,237.9,0,0
valve_0056_lidar_classes.ply,8154,1,none,272.3,0,0
valve_0057_lidar_classes.ply,6590,1,none,222.0,0,0
valve_0058_lidar_classes.ply,6369,1,none,214.8,0,0
valve_0059_lidar_classes.ply,7230,1,none,244.8,0,0
valve_0060_lidar_classes.ply,6790,1,none,229.3,0,0
valve_0061_lidar_classes.ply,7632,1,none,256.9,0,0
valve_0062_lidar_classes.ply,6611,1,none,222.7,0,0
valve_0063_lidar_classes.ply,7771,1,none,261.6,0,0
valve_0064_lidar_classes.ply,7396,1,none,250.5,0,0
valve_0065_lidar_classes.ply,6495,1,none,218.3,0,0
valve_0066_lidar_classes.ply,8269,1,none,276.5,0,0
valve_0067_lidar_classes.ply,7400,1,none,249.2,0,0
valve_0068_lidar_classes.ply,7679,1,none,259.5,0,0
valve_0069_lidar_classes.ply,7090,1,none,240.1,0,0
valve_0070_lidar_classes.ply,8210,1,none,276.7,0,0
valve_0071_lidar_classes.ply,6845,1,none,231.3,0,0
valve_0072_lidar_classes.ply,6553,1,none,219.4,0,0
valve_0073_lidar_classes.ply,8363,1,none,282.1,0,0
valve_0074_lidar_classes.ply,7934,1,none,266.0,0,0
valve_0075_lidar_classes.ply,7878,1,none,264.2,0,0
valve_0076_lidar_classes.ply,7570,1,none,254.7,0,0
valve_0077_lidar_classes.ply,7904,1,none,264.3,0,0
valve_0078_lidar_classes.ply,8086,1,none,270.2,0,0
valve_0079_lidar_classes.ply,6998,1,none,236.7,0,0
valve_0080_lidar_classes.ply,7893,1,none,267.2,0,0
valve_0081_lidar_classes.ply,7916,1,none,265.3,0,0
valve_0082_lidar_classes.ply,6973,1,none,235.9,0,0
valve_0083_lidar_classes.ply,8236,1,none,275.3,0,0
valve_0084_lidar_classes.ply,8142,1,none,271.9,0,0
valve_0085_lidar_classes.ply,7982,1,none,267.7,0,0
valve_0086_lidar_classes.ply,7646,1,none,258.0,0,0
valve_0087_lidar_classes.ply,8064,1,none,270.3,0,0
valve_0088_lidar_classes.ply,8281,1,none,279.1,0,0
valve_0089_lidar_classes.ply,6744,1,none,227.6,0,0
valve_0090_lidar_classes.ply,6654,1,none,224.2,0,0
valve_0091_lidar_classes.ply,6571,1,none,221.2,0,0
valve_0092_lidar_classes.ply,8228,1,none,275.5,0,0
valve_0093_lidar_classes.ply,7484,1,none,250.6,0,0
valve_0094_lidar_classes.ply,8703,1,none,293.7,0,0
valve_0095_lidar_classes.ply,7723,1,none,260.2,0,0
valve_0096_lidar_classes.ply,7004,1,none,236.2,0,0
valve_0097_lidar_classes.ply,7646,1,none,258.6,0,0
valve_0098_lidar_classes.ply,8453,1,none,284.7,0,0
valve_0099_lidar_classes.ply,6659,1,none,223.0,0,0
valve_0100_lidar_classes.ply,7438,1,none,249.3,0,0
valve_0101_lidar_classes.ply,7547,1,none,254.2,0,0
valve_0102_lidar_classes.ply,7404,1,none,248.2,0,0
valve_0103_lidar_classes.ply,7398,1,none,249.3,0,0
valve_0104_lidar_classes.ply,7390,1,none,250.0,0,0
valve_0105_lidar_classes.ply,7366,1,none,249.0,0,0
valve_0106_lidar_classes.ply,7228,1,none,244.9,0,0
valve_0107_lidar_classes.ply,8118,1,none,273.7,0,0
valve_0108_lidar_classes.ply,7822,1,none,262.0,0,0
valve_0109_lidar_classes.ply,6810,1,none,228.9,0,0
valve_0110_lidar_classes.ply,8009,1,none,267.6,0,0
valve_0111_lidar_classes.ply,8247,1,none,275.4,0,0
valve_0112_lidar_classes.ply,7382,1,none,249.8,0,0
valve_0113_lidar_classes.ply,7633,1,none,257.1,0,0
valve_0114_lidar_classes.ply,7241,1,none,245.5,0,0
valve_0115_lidar_classes.ply,6997,1,none,237.0,0,0
valve_0116_lidar_classes.ply,8154,1,none,272.2,0,0
valve_0117_lidar_classes.ply,6708,1,none,224.7,0,0
valve_0118_lidar_classes.ply,7610,1,none,257.1,0,0
valve_0119_lidar_classes.ply,7313,1,none,247.5,0,0
valve_0120_lidar_classes.ply,7606,1,none,257.4,0,0
valve_0121_lidar_classes.ply,7975,1,none,266.4,0,0
valve_0122_lidar_classes.ply,7180,1,none,242.5,0,0
valve_0123_lidar_classes.ply,6479,1,none,217.2,0,0
valve_0124_lidar_classes.ply,8061,1,none,270.7,0,0
valve_0125_lidar_classes.ply,6807,1,none,228.9,0,0
valve_0126_lidar_classes.ply,7957,1,none,265.9,0,0
valve_0127_lidar_classes.ply,7729,1,none,259.8,0,0
valve_0128_lidar_classes.ply,7113,1,none,240.5,0,0
valve_0129_lidar_classes.ply,7548,1,none,255.2,0,0
valve_0130_lidar_classes.ply,7852,1,none,265.0,0,0
valve_0131_lidar_classes.ply,6817,1,none,229.6,0,0
valve_0132_lidar_classes.ply,7553,1,none,253.0,0,0
valve_0133_lidar_classes.ply,6969,1,none,235.0,0,0
valve_0134_lidar_classes.ply,7052,1,none,236.4,0,0
valve_0135_lidar_classes.ply,6566,1,none,219.8,0,0
valve_0136_lidar_classes.ply,8051,1,none,268.9,0,0
valve_0137_lidar_classes.ply,8100,1,none,270.5,0,0
valve_0138_lidar_classes.ply,7188,1,none,240.7,0,0
valve_0139_lidar_classes.ply,7960,1,none,266.0,0,0
valve_0140_lidar_classes.ply,7924,1,none,268.2,0,0
valve_0141_lidar_classes.ply,7347,1,none,248.5,0,0
valve_0142_lidar_classes.ply,7944,1,none,267.9,0,0
valve_0143_lidar_classes.ply,7089,1,none,239.8,0,0
valve_0144_lidar_classes.ply,6569,1,none,221.1,0,0
valve_0145_lidar_classes.ply,7564,1,none,256.2,0,0
valve_0146_lidar_classes.ply,7357,1,none,249.0,0,0
valve_0147_lidar_classes.ply,6739,1,none,227.8,0,0
valve_0148_lidar_classes.ply,6984,1,none,234.1,0,0
valve_0149_lidar_classes.ply,7832,1,none,264.3,0,0
valve_0150_lidar_classes.ply,7544,1,none,255.5,0,0
valve_0151_lidar_classes.ply,8136,1,none,274.3,0,0
valve_0152_lidar_classes.ply,7248,1,none,245.2,0,0
valve_0153_lidar_classes.ply,7766,1,none,259.8,0,0
valve_0154_lidar_classes.ply,6949,1,none,234.6,0,0
valve_0155_lidar_classes.ply,7265,1,none,246.0,0,0
valve_0156_lidar_classes.ply,8102,1,none,270.5,0,0
valve_0157_lidar_classes.ply,7915,1,none,266.8,0,0
valve_0158_lidar_classes.ply,7994,1,none,269.5,0,0
valve_0159_lidar_classes.ply,7159,1,none,242.5,0,0
valve_0160_lidar_classes.ply,7108,1,none,239.5,0,0
valve_0161_lidar_classes.ply,7028,1,none,237.9,0,0
valve_0162_lidar_classes.ply,7833,1,none,264.5,0,0
valve_0163_lidar_classes.ply,8301,1,none,279.5,0,0
valve_0164_lidar_classes.ply,7276,1,none,246.2,0,0
valve_0165_lidar_classes.ply,6926,1,none,233.3,0,0
valve_0166_lidar_classes.ply,8019,1,none,269.4,0,0
valve_0167_lidar_classes.ply,7810,1,none,264.0,0,0
valve_0168_lidar_classes.ply,7628,1,none,258.3,0,0
valve_0169_lidar_classes.ply,8247,1,none,275.4,0,0
valve_0170_lidar_classes.ply,6420,1,none,214.9,0,0
valve_0171_lidar_classes.ply,7908,1,none,264.4,0,0
valve_0172_lidar_classes.ply,6947,1,none,232.7,0,0
valve_0173_lidar_classes.ply,7998,1,none,267.4,0,0
valve_0174_lidar_classes.ply,7402,1,none,250.3,0,0
valve_0175_lidar_classes.ply,7664,1,none,256.8,0,0
valve_0176_lidar_classes.ply,7231,1,none,242.1,0,0
valve_0177_lidar_classes.ply,8165,1,none,273.1,0,0
valve_0178_lidar_classes.ply,7327,1,none,247.9,0,0
valve_0179_lidar_classes.ply,7806,1,none,260.5,0,0
valve_0180_lidar_classes.ply,6819,1,none,230.0,0,0
valve_0181_lidar_classes.ply,7021,1,none,235.4,0,0
valve_0182_lidar_classes.ply,6959,1,none,235.6,0,0
valve_0183_lidar_classes.ply,7350,1,none,248.6,0,0
valve_0184_lidar_classes.ply,7603,1,none,257.1,0,0
valve_0185_lidar_classes.ply,7654,1,none,258.6,0,0
valve_0186_lidar_classes.ply,7598,1,none,257.0,0,0
valve_0187_lidar_classes.ply,6763,1,none,226.5,0,0
valve_0188_lidar_classes.ply,7986,1,none,266.9,0,0
valve_0189_lidar_classes.ply,8275,1,none,276.6,0,0
valve_0190_lidar_classes.ply,7170,1,none,241.9,0,0
valve_0191_lidar_classes.ply,6571,1,none,220.3,0,0
valve_0192_lidar_classes.ply,8368,1,none,279.5,0,0
valve_0193_lidar_classes.ply,7427,1,none,251.1,0,0
valve_0194_lidar_classes.ply,7444,1,none,251.8,0,0
valve_0195_lidar_classes.ply,8325,1,none,281.6,0,0
valve_0196_lidar_classes.ply,6805,1,none,229.2,0,0
valve_0197_lidar_classes.ply,6859,1,none,229.8,0,0
valve_0198_lidar_classes.ply,7547,1,none,252.5,0,0
valve_0199_lidar_classes.ply,6570,1,none,221.2,0,0
valve_0200_lidar_classes.ply,6665,1,none,223.3,0,0
valve_0201_lidar_classes.ply,7666,1,none,256.5,0,0
valve_0202_lidar_classes.ply,7347,1,none,249.0,0,0
valve_0203_lidar_classes.ply,7088,1,none,240.0,0,0
valve_0204_lidar_classes.ply,7225,1,none,244.5,0,0
valve_0205_lidar_classes.ply,7498,1,none,253.8,0,0
valve_0206_lidar_classes.ply,7170,1,none,240.3,0,0
valve_0207_lidar_classes.ply,6938,1,none,233.6,0,0
valve_0208_lidar_classes.ply,7328,1,none,245.7,0,0
valve_0209_lidar_classes.ply,6611,1,none,221.8,0,0
valve_0210_lidar_classes.ply,7250,1,none,245.3,0,0
valve_0211_lidar_classes.ply,7434,1,none,248.8,0,0
valve_0212_lidar_classes.ply,8095,1,none,270.7,0,0
valve_0213_lidar_classes.ply,7624,1,none,258.2,0,0
valve_0214_lidar_classes.ply,6880,1,none,230.6,0,0
valve_0215_lidar_classes.ply,6682,1,none,225.6,0,0
valve_0216_lidar_classes.ply,7395,1,none,247.8,0,0
valve_0217_lidar_classes.ply,6770,1,none,227.8,0,0
valve_0218_lidar_classes.ply,6909,1,none,232.8,0,0
valve_0219_lidar_classes.ply,7428,1,none,251.3,0,0
valve_0220_lidar_classes.ply,8252,1,none,275.8,0,0
valve_0221_lidar_classes.ply,7556,1,none,253.3,0,0
valve_0222_lidar_classes.ply,6559,1,none,221.3,0,0
valve_0223_lidar_classes.ply,7131,1,none,241.5,0,0
valve_0224_lidar_classes.ply,7275,1,none,246.2,0,0
valve_0225_lidar_classes.ply,6297,1,none,210.9,0,0
valve_0226_lidar_classes.ply,7028,1,none,235.6,0,0
valve_0227_lidar_classes.ply,8124,1,none,271.9,0,0
valve_0228_lidar_classes.ply,7320,1,none,247.8,0,0
valve_0229_lidar_classes.ply,6946,1,none,234.3,0,0
valve_0230_lidar_classes.ply,7243,1,none,245.2,0,0
valve_0231_lidar_classes.ply,6497,1,none,218.2,0,0
valve_0232_lidar_classes.ply,7776,1,none,260.0,0,0
valve_0233_lidar_classes.ply,6620,1,none,223.1,0,0
valve_0234_lidar_classes.ply,7165,1,none,242.4,0,0
valve_0235_lidar_classes.ply,6630,1,none,223.2,0,0
valve_0236_lidar_classes.ply,6923,1,none,232.2,0,0
valve_0237_lidar_classes.ply,6614,1,none,221.4,0,0
valve_0238_lidar_classes.ply,7389,1,none,250.0,0,0
valve_0239_lidar_classes.ply,8115,1,none,273.6,0,0
valve_0240_lidar_classes.ply,6567,1,none,221.2,0,0
valve_0241_lidar_classes.ply,6464,1,none,217.6,0,0
valve_0242_lidar_classes.ply,7960,1,none,268.8,0,0
valve_0243_lidar_classes.ply,7149,1,none,241.9,0,0
valve_0244_lidar_classes.ply,6881,1,none,231.5,0,0
valve_0245_lidar_classes.ply,7744,1,none,260.8,0,0
valve_0246_lidar_classes.ply,6694,1,none,224.1,0,0
valve_0247_lidar_classes.ply,8182,1,none,273.5,0,0
valve_0248_lidar_classes.ply,8348,1,none,281.0,0,0
valve_0249_lidar_classes.ply,6975,1,none,233.8,0,0
valve_0250_lidar_classes.ply,7743,1,none,261.2,0,0
valve_0251_lidar_classes.ply,6546,1,none,220.4,0,0
valve_0252_lidar_classes.ply,6501,1,none,218.2,0,0
valve_0253_lidar_classes.ply,7958,1,none,266.5,0,0
valve_0254_lidar_classes.ply,7309,1,none,247.4,0,0
valve_0255_lidar_classes.ply,7282,1,none,246.4,0,0
valve_0256_lidar_classes.ply,8267,1,none,276.4,0,0
valve_0257_lidar_classes.ply,8274,1,none,278.7,0,0
valve_0258_lidar_classes.ply,7492,1,none,253.5,0,0
valve_0259_lidar_classes.ply,7357,1,none,248.6,0,0
valve_0260_lidar_classes.ply,6840,1,none,229.0,0,0
valve_0261_lidar_classes.ply,7761,1,none,260.6,0,0
valve_0262_lidar_classes.ply,7389,1,none,250.0,0,0
valve_0263_lidar_classes.ply,6475,1,none,217.8,0,0
valve_0264_lidar_classes.ply,7282,1,none,243.8,0,0
valve_0265_lidar_classes.ply,7674,1,none,257.0,0,0
valve_0266_lidar_classes.ply,7545,1,none,255.1,0,0
valve_0267_lidar_classes.ply,8184,1,none,275.6,0,0
valve_0268_lidar_classes.ply,7108,1,none,239.8,0,0
valve_0269_lidar_classes.ply,8217,1,none,275.6,0,0
valve_0270_lidar_classes.ply,6904,1,none,233.4,0,0
valve_0271_lidar_classes.ply,7028,1,none,235.5,0,0
valve_0272_lidar_classes.ply,6306,1,none,212.5,0,0
valve_0273_lidar_classes.ply,7722,1,none,260.7,0,0
valve_0274_lidar_classes.ply,7392,1,none,247.7,0,0
valve_0275_lidar_classes.ply,6574,1,none,222.0,0,0
valve_0276_lidar_classes.ply,7184,1,none,243.0,0,0
valve_0277_lidar_classes.ply,8051,1,none,270.6,0,0
valve_0278_lidar_classes.ply,6703,1,none,225.4,0,0
valve_0279_lidar_classes.ply,7945,1,none,265.5,0,0
valve_0280_lidar_classes.ply,8072,1,none,271.8,0,0
valve_0281_lidar_classes.ply,6918,1,none,231.9,0,0
valve_0282_lidar_classes.ply,7373,1,none,249.4,0,0
valve_0283_lidar_classes.ply,7187,1,none,240.6,0,0
valve_0284_lidar_classes.ply,6926,1,none,233.5,0,0
valve_0285_lidar_classes.ply,7113,1,none,240.4,0,0
valve_0286_lidar_classes.ply,8079,1,none,273.2,0,0
valve_0287_lidar_classes.ply,7378,1,none,249.5,0,0
valve_0288_lidar_classes.ply,7566,1,none,256.3,0,0
valve_0289_lidar_classes.ply,6833,1,none,230.5,0,0
valve_0290_lidar_classes.ply,6947,1,none,232.7,0,0
valve_0291_lidar_classes.ply,7136,1,none,241.1,0,0
valve_0292_lidar_classes.ply,7148,1,none,241.8,0,0
valve_0293_lidar_classes.ply,7597,1,none,254.6,0,0
valve_0294_lidar_classes.ply,6986,1,none,235.7,0,0
valve_0295_lidar_classes.ply,8249,1,none,275.4,0,0
valve_0296_lidar_classes.ply,7050,1,none,238.6,0,0
valve_0297_lidar_classes.ply,7013,1,none,237.3,0,0
valve_0298_lidar_classes.ply,7539,1,none,252.7,0,0
valve_0299_lidar_classes.ply,7414,1,none,250.7,0,0
valve_0300_lidar_classes.ply,8559,1,none,285.9,0,0
valve_0301_lidar_classes.ply,7244,1,none,245.2,0,0
valve_0302_lidar_classes.ply,6489,1,none,217.6,0,0
valve_0303_lidar_classes.ply,7445,1,none,249.7,0,0
valve_0304_lidar_classes.ply,7920,1,none,265.8,0,0
valve_0305_lidar_classes.ply,6682,1,none,224.9,0,0
valve_0306_lidar_classes.ply,7667,1,none,258.6,0,0
valve_0307_lidar_classes.ply,6672,1,none,224.7,0,0
valve_0308_lidar_classes.ply,8123,1,none,271.4,0,0
valve_0309_lidar_classes.ply,7457,1,none,252.1,0,0
valve_0310_lidar_classes.ply,6539,1,none,220.8,0,0
valve_0311_lidar_classes.ply,6720,1,none,225.0,0,0
valve_0312_lidar_classes.ply,6727,1,none,225.2,0,0
valve_0313_lidar_classes.ply,7210,1,none,244.3,0,0
valve_0314_lidar_classes.ply,7136,1,none,241.7,0,0
valve_0315_lidar_classes.ply,8033,1,none,271.8,0,0
valve_0316_lidar_classes.ply,6632,1,none,222.1,0,0
valve_0317_lidar_classes.ply,6877,1,none,231.6,0,0
valve_0318_lidar_classes.ply,6547,1,none,220.2,0,0
valve_0319_lidar_classes.ply,6382,1,none,213.9,0,0
valve_0320_lidar_classes.ply,8402,1,none,284.2,0,0
valve_0321_lidar_classes.ply,7578,1,none,256.2,0,0
valve_0322_lidar_classes.ply,7517,1,none,254.2,0,0
valve_0323_lidar_classes.ply,7685,1,none,257.3,0,0
valve_0324_lidar_classes.ply,7052,1,none,238.1,0,0
valve_0325_lidar_classes.ply,7883,1,none,266.7,0,0
valve_0326_lidar_classes.ply,7362,1,none,249.5,0,0
valve_0327_lidar_classes.ply,6557,1,none,219.6,0,0
valve_0328_lidar_classes.ply,6754,1,none,226.8,0,0
valve_0329_lidar_classes.ply,7384,1,none,249.6,0,0
valve_0330_lidar_classes.ply,7300,1,none,247.3,0,0
valve_0331_lidar_classes.ply,7691,1,none,260.4,0,0
valve_0332_lidar_classes.ply,7373,1,none,248.9,0,0
valve_0333_lidar_classes.ply,6852,1,none,230.8,0,0
valve_0334_lidar_classes.ply,8274,1,none,279.8,0,0
valve_0335_lidar_classes.ply,7310,1,none,247.5,0,0
valve_0336_lidar_classes.ply,7207,1,none,243.0,0,0
valve_0337_lidar_classes.ply,7712,1,none,260.3,0,0
valve_0338_lidar_classes.ply,6804,1,none,228.4,0,0
valve_0339_lidar_classes.ply,6828,1,none,230.4,0,0
valve_0340_lidar_classes.ply,7288,1,none,246.1,0,0
valve_0341_lidar_classes.ply,8048,1,none,268.5,0,0
valve_0342_lidar_classes.ply,6800,1,none,228.4,0,0
valve_0343_lidar_classes.ply,7994,1,none,269.7,0,0
valve_0344_lidar_classes.ply,7442,1,none,249.4,0,0
valve_0345_lidar_classes.ply,6923,1,none,233.1,0,0
valve_0346_lidar_classes.ply,6856,1,none,231.9,0,0
valve_0347_lidar_classes.ply,7253,1,none,245.5,0,0
valve_0348_lidar_classes.ply,7691,1,none,258.9,0,0
valve_0349_lidar_classes.ply,7090,1,none,239.2,0,0
valve_0350_lidar_classes.ply,7672,1,none,257.7,0,0
valve_0351_lidar_classes.ply,7908,1,none,264.2,0,0
valve_0352_lidar_classes.ply,7013,1,none,235.0,0,0
valve_0353_lidar_classes.ply,7211,1,none,244.4,0,0
valve_0354_lidar_classes.ply,6597,1,none,221.2,0,0
valve_0355_lidar_classes.ply,8076,1,none,269.7,0,0
valve_0356_lidar_classes.ply,6854,1,none,229.7,0,0
valve_0357_lidar_classes.ply,7096,1,none,240.7,0,0
valve_0358_lidar_classes.ply,7425,1,none,251.5,0,0
valve_0359_lidar_classes.ply,8176,1,none,274.5,0,0
valve_0360_lidar_classes.ply,7043,1,none,237.6,0,0
valve_0361_lidar_classes.ply,8119,1,none,271.1,0,0
valve_0362_lidar_classes.ply,7962,1,none,269.5,0,0
valve_0363_lidar_classes.ply,6597,1,none,222.0,0,0
valve_0364_lidar_classes.ply,7778,1,none,262.1,0,0
valve_0365_lidar_classes.ply,6593,1,none,220.8,0,0
valve_0366_lidar_classes.ply,7527,1,none,254.4,0,0
valve_0367_lidar_classes.ply,6646,1,none,223.9,0,0
valve_0368_lidar_classes.ply,7564,1,none,256.3,0,0
valve_0369_lidar_classes.ply,7209,1,none,243.6,0,0
valve_0370_lidar_classes.ply,7445,1,none,250.7,0,0
valve_0371_lidar_classes.ply,6498,1,none,217.8,0,0
valve_0372_lidar_classes.ply,7578,1,none,256.3,0,0
valve_0373_lidar_classes.ply,7822,1,none,264.7,0,0
valve_0374_lidar_classes.ply,7998,1,none,269.4,0,0
valve_0375_lidar_classes.ply,7218,1,none,244.5,0,0
valve_0376_lidar_classes.ply,8031,1,none,268.5,0,0
valve_0377_lidar_classes.ply,7228,1,none,244.6,0,0
valve_0378_lidar_classes.ply,8082,1,none,272.4,0,0
valve_0379_lidar_classes.ply,7792,1,none,263.9,0,0
valve_0380_lidar_classes.ply,7623,1,none,257.7,0,0
valve_0381_lidar_classes.ply,8247,1,none,276.3,0,0
valve_0382_lidar_classes.ply,6750,1,none,227.8,0,0
valve_0383_lidar_classes.ply,8126,1,none,271.5,0,0
valve_0384_lidar_classes.ply,6776,1,none,228.2,0,0
valve_0385_lidar_classes.ply,7255,1,none,245.4,0,0
valve_0386_lidar_classes.ply,7447,1,none,249.6,0,0
valve_0387_lidar_classes.ply,7202,1,none,244.2,0,0
valve_0388_lidar_classes.ply,7417,1,none,251.0,0,0
valve_0389_lidar_classes.ply,7691,1,none,258.3,0,0
valve_0390_lidar_classes.ply,7308,1,none,247.6,0,0
valve_0391_lidar_classes.ply,8302,1,none,280.6,0,0
valve_0392_lidar_classes.ply,7430,1,none,251.2,0,0
valve_0393_lidar_classes.ply,6627,1,none,222.8,0,0
valve_0394_lidar_classes.ply,7298,1,none,246.8,0,0
valve_0395_lidar_classes.ply,7315,1,none,245.2,0,0
valve_0396_lidar_classes.ply,7490,1,none,253.3,0,0
valve_0397_lidar_classes.ply,7832,1,none,261.9,0,0
valve_0398_lidar_classes.ply,6384,1,none,215.2,0,0
valve_0399_lidar_classes.ply,8246,1,none,278.0,0,0
valve_0400_lidar_classes.ply,6818,1,none,228.4,0,0
valve_0401_lidar_classes.ply,6873,1,none,230.2,0,0
valve_0402_lidar_classes.ply,6900,1,none,232.4,0,0
valve_0403_lidar_classes.ply,7953,1,none,265.7,0,0
valve_0404_lidar_classes.ply,7997,1,none,269.4,0,0
valve_0405_lidar_classes.ply,7437,1,none,251.3,0,0
valve_0406_lidar_classes.ply,7160,1,none,242.8,0,0
valve_0407_lidar_classes.ply,6581,1,none,221.9,0,0
valve_0408_lidar_classes.ply,7423,1,none,248.8,0,0
valve_0409_lidar_classes.ply,7051,1,none,238.5,0,0
valve_0410_lidar_classes.ply,8128,1,none,274.1,0,0
valve_0411_lidar_classes.ply,6962,1,none,234.7,0,0
valve_0412_lidar_classes.ply,6723,1,none,225.3,0,0
valve_0413_lidar_classes.ply,8489,1,none,285.9,0,0
valve_0414_lidar_classes.ply,6540,1,none,220.5,0,0
valve_0415_lidar_classes.ply,7146,1,none,241.8,0,0
valve_0416_lidar_classes.ply,8178,1,none,274.5,0,0
valve_0417_lidar_classes.ply,8129,1,none,271.6,0,0
valve_0418_lidar_classes.ply,6955,1,none,235.0,0,0
valve_0419_lidar_classes.ply,6923,1,none,232.1,0,0
valve_0420_lidar_classes.ply,7204,1,none,243.7,0,0
valve_0421_lidar_classes.ply,7245,1,none,245.0,0,0
valve_0422_lidar_classes.ply,7511,1,none,253.8,0,0
valve_0423_lidar_classes.ply,6617,1,none,222.8,0,0
valve_0424_lidar_classes.ply,6678,1,none,224.5,0,0
valve_0425_lidar_classes.ply,7458,1,none,252.7,0,0
valve_0426_lidar_classes.ply,6489,1,none,217.2,0,0
valve_0427_lidar_classes.ply,8549,1,none,288.0,0,0
valve_0428_lidar_classes.ply,7357,1,none,248.9,0,0
valve_0429_lidar_classes.ply,7247,1,none,243.0,0,0
valve_0430_lidar_classes.ply,8123,1,none,272.5,0,0
valve_0431_lidar_classes.ply,7189,1,none,241.2,0,0
valve_0432_lidar_classes.ply,7656,1,none,259.4,0,0
valve_0433_lidar_classes.ply,7428,1,none,251.2,0,0
valve_0434_lidar_classes.ply,8442,1,none,285.4,0,0
valve_0435_lidar_classes.ply,7615,1,none,257.9,0,0
valve_0436_lidar_classes.ply,6924,1,none,234.1,0,0
valve_0437_lidar_classes.ply,7844,1,none,262.2,0,0
valve_0438_lidar_classes.ply,7958,1,none,266.2,0,0
valve_0439_lidar_classes.ply,6818,1,none,228.4,0,0
valve_0440_lidar_classes.ply,6463,1,none,218.1,0,0
valve_0441_lidar_classes.ply,6473,1,none,217.0,0,0
valve_0442_lidar_classes.ply,8249,1,none,278.9,0,0
valve_0443_lidar_classes.ply,7265,1,none,245.9,0,0
valve_0444_lidar_classes.ply,6827,1,none,230.3,0,0
valve_0445_lidar_classes.ply,7023,1,none,236.7,0,0
valve_0446_lidar_classes.ply,6702,1,none,224.5,0,0
valve_0447_lidar_classes.ply,8197,1,none,276.5,0,0
valve_0448_lidar_classes.ply,7422,1,none,251.2,0,0
valve_0449_lidar_classes.ply,7464,1,none,252.5,0,0
valve_0450_lidar_classes.ply,6547,1,none,219.2,0,0
valve_0451_lidar_classes.ply,7991,1,none,270.3,0,0
valve_0452_lidar_classes.ply,7371,1,none,249.8,0,0
valve_0453_lidar_classes.ply,8105,1,none,270.7,0,0
valve_0454_lidar_classes.ply,7578,1,none,256.0,0,0
valve_0455_lidar_classes.ply,8042,1,none,268.9,0,0
valve_0456_lidar_classes.ply,7948,1,none,265.7,0,0
valve_0457_lidar_classes.ply,6603,1,none,221.1,0,0
valve_0458_lidar_classes.ply,8477,1,none,283.2,0,0
valve_0459_lidar_classes.ply,7350,1,none,249.1,0,0
valve_0460_lidar_classes.ply,7493,1,none,253.7,0,0
valve_0461_lidar_classes.ply,7298,1,none,244.7,0,0
valve_0462_lidar_classes.ply,7042,1,none,238.1,0,0
valve_0463_lidar_classes.ply,6953,1,none,235.3,0,0
valve_0464_lidar_classes.ply,8360,1,none,279.5,0,0
valve_0465_lidar_classes.ply,6439,1,none,216.5,0,0
valve_0466_lidar_classes.ply,7168,1,none,240.3,0,0
valve_0467_lidar_classes.ply,7566,1,none,253.3,0,0
valve_0468_lidar_classes.ply,8159,1,none,272.5,0,0
valve_0469_lidar_classes.ply,6908,1,none,233.7,0,0
valve_0470_lidar_classes.ply,7023,1,none,237.9,0,0
valve_0471_lidar_classes.ply,7698,1,none,260.0,0,0
valve_0472_lidar_classes.ply,6489,1,none,217.3,0,0
valve_0473_lidar_classes.ply,8066,1,none,269.6,0,0
valve_0474_lidar_classes.ply,6444,1,none,216.2,0,0
valve_0475_lidar_classes.ply,7089,1,none,239.8,0,0
valve_0476_lidar_classes.ply,7327,1,none,247.9,0,0
valve_0477_lidar_classes.ply,7514,1,none,251.5,0,0
valve_0478_lidar_classes.ply,7707,1,none,260.6,0,0
valve_0479_lidar_classes.ply,7275,1,none,246.2,0,0
valve_0480_lidar_classes.ply,7446,1,none,252.1,0,0
valve_0481_lidar_classes.ply,8386,1,none,283.1,0,0
valve_0482_lidar_classes.ply,7933,1,none,266.2,0,0
valve_0483_lidar_classes.ply,8232,1,none,275.0,0,0
valve_0484_lidar_classes.ply,7831,1,none,264.3,0,0
valve_0485_lidar_classes.ply,6941,1,none,232.7,0,0
valve_0486_lidar_classes.ply,7470,1,none,252.7,0,0
valve_0487_lidar_classes.ply,8323,1,none,278.1,0,0
valve_0488_lidar_classes.ply,7949,1,none,266.8,0,0
valve_0489_lidar_classes.ply,6540,1,none,219.4,0,0
valve_0490_lidar_classes.ply,7588,1,none,253.8,0,0
valve_0491_lidar_classes.ply,7349,1,none,245.9,0,0
valve_0492_lidar_classes.ply,7710,1,none,258.1,0,0
valve_0493_lidar_classes.ply,6657,1,none,224.1,0,0
valve_0494_lidar_classes.ply,8135,1,none,271.9,0,0
valve_0495_lidar_classes.ply,6677,1,none,224.9,0,0
valve_0496_lidar_classes.ply,6723,1,none,226.2,0,0
valve_0497_lidar_classes.ply,7254,1,none,245.7,0,0
valve_0498_lidar_classes.ply,7203,1,none,243.5,0,0
valve_0499_lidar_classes.ply,7770,1,none,262.2,0,0
valve_0500_lidar_classes.ply,7343,1,none,248.4,0,0
