obj_file,rec_file,status,rmse_rec_to_ref,rmse_ref_to_rec,hausdorff,mean_dist,rec_faces,ref_faces
16.01.obj,valve_0362_lidar_classes_reconstructed.ply,ok,0.1787601124924608,0.16016910072450674,0.6579627709146728,0.12667290644147347,52616,25454
16.01.obj,valve_0074_lidar_classes_reconstructed.ply,ok,0.200574502794355,0.13815614581374142,0.7213910643909763,0.12639889608134805,44293,25454
16.01.obj,valve_0375_lidar_classes_reconstructed.ply,ok,0.14471336668296325,0.1639771123310882,0.4274833961443296,0.11645557805307807,44637,25454
16.01.obj,valve_0156_lidar_classes_reconstructed.ply,ok,0.20618675078289153,0.17116383815854805,0.715724662133756,0.14183319264071104,43217,25454
16.01.obj,valve_0105_lidar_classes_reconstructed.ply,ok,0.1827672800589593,0.16252239369639898,0.6136247567839742,0.12835180943642865,52278,25454
16.01.obj,valve_0395_lidar_classes_reconstructed.ply,ok,0.1621557802388402,0.1677911683926278,0.5372352812618119,0.1248496521460433,45058,25454
16.01.obj,valve_0378_lidar_classes_reconstructed.ply,ok,0.1836282073261884,0.18469006737768662,0.7084458042825336,0.13407467099326917,42213,25454
16.01.obj,valve_0125_lidar_classes_reconstructed.ply,ok,0.19929004230959133,0.15017568003714699,0.485130985098295,0.13220044615528212,31974,25454
16.01.obj,valve_0069_lidar_classes_reconstructed.ply,ok,0.15747291080852455,0.1411066564155669,0.44228237289917754,0.11302419758571455,40462,25454
16.01.obj,valve_0451_lidar_classes_reconstructed.ply,ok,0.18134954160056263,0.15750195797053596,0.6568844874337337,0.12519379375954698,53257,25454
16.01.obj,valve_0010_lidar_classes_reconstructed.ply,ok,0.16717250933825684,0.16335888141625773,0.5505858166454516,0.12434849115958074,40525,25454
16.01.obj,valve_0195_lidar_classes_reconstructed.ply,ok,0.1930892394945104,0.15587572846379896,0.6982908191538842,0.12970495132166673,53931,25454
16.01.obj,valve_0407_lidar_classes_reconstructed.ply,ok,0.18689283184884045,0.1592755519902183,0.43096014011548134,0.13672270498729125,35924,25454
16.01.obj,valve_0085_lidar_classes_reconstructed.ply,ok,0.21715679843348107,0.14030143450949992,0.722674518477145,0.1351958661575493,47753,25454
16.01.obj,valve_0372_lidar_classes_reconstructed.ply,ok,0.1754463646508209,0.15811434882873104,0.6294261580174797,0.12396585809860036,42508,25454
16.01.obj,valve_0389_lidar_classes_reconstructed.ply,ok,0.19243254587500958,0.156715504379673,0.6460991085939515,0.13152462870721962,41731,25454
16.01.obj,valve_0496_lidar_classes_reconstructed.ply,ok,0.17976735847253303,0.14727036278221758,0.4670934972724864,0.12239070488601841,34573,25454
16.01.obj,valve_0031_lidar_classes_reconstructed.ply,ok,0.16802870097148906,0.1556451853045566,0.5965169802825404,0.12099813938141557,51930,25454
16.01.obj,valve_0317_lidar_classes_reconstructed.ply,ok,0.17264976708868024,0.1589235498377992,0.4439672098764603,0.12880908775084082,38093,25454
16.01.obj,valve_0409_lidar_classes_reconstructed.ply,ok,0.15499322073865754,0.16764743670687043,0.45750127673711477,0.12180761049694987,40753,25454
16.01.obj,valve_0491_lidar_classes_reconstructed.ply,ok,0.17446187966620988,0.17065560167302327,0.6019301773706114,0.13225443342936208,41868,25454
16.01.obj,valve_0492_lidar_classes_reconstructed.ply,ok,0.21281539164305444,0.1860357252069966,0.6330155786230699,0.15206350487820697,54069,25454
16.01.obj,valve_0281_lidar_classes_reconstructed.ply,ok,0.1549619535188001,0.16763837599813214,0.46944510323854677,0.1211187050971707,35527,25454
16.01.obj,valve_0357_lidar_classes_reconstructed.ply,ok,0.16115764406473349,0.16337275273038201,0.5797736574000084,0.12225840458378243,50788,25454
16.01.obj,valve_0077_lidar_classes_reconstructed.ply,ok,0.19597501317597316,0.17824863902838636,0.6604369713010727,0.14257349895138466,38922,25454
16.01.obj,valve_0462_lidar_classes_reconstructed.ply,ok,0.14468424689671655,0.1596466794793622,0.4460387567340205,0.11377129439927862,34420,25454
16.01.obj,valve_0498_lidar_classes_reconstructed.ply,ok,0.15909579142248761,0.1653688869956065,0.437989194390004,0.12317738488310787,39462,25454
16.01.obj,valve_0212_lidar_classes_reconstructed.ply,ok,0.17537957261142453,0.16997095152202846,0.6531420468829003,0.13002000473123604,44245,25454
16.01.obj,valve_0102_lidar_classes_reconstructed.ply,ok,0.17228703714626983,0.18044964246481016,0.5630335406199337,0.13307314880193288,31994,25454
16.01.obj,valve_0335_lidar_classes_reconstructed.ply,ok,0.162017297451786,0.16520572553461083,0.48648755887711337,0.12442902304118175,35276,25454
16.02.obj,valve_0362_lidar_classes_reconstructed.ply,ok,0.11852878690402203,0.2679593376008071,0.7059683261030139,0.16356248962734346,52616,6448
16.02.obj,valve_0074_lidar_classes_reconstructed.ply,ok,0.11284701564094735,0.24745219820679146,0.6480755103910036,0.15277508319375993,44293,6448
16.02.obj,valve_0375_lidar_classes_reconstructed.ply,ok,0.1124736886822904,0.2683232774189109,0.6392744440386628,0.16394325157507778,44637,6448
16.02.obj,valve_0156_lidar_classes_reconstructed.ply,ok,0.1214763604307895,0.2686492900500793,0.7022294146204359,0.16673520200484898,43217,6448
16.02.obj,valve_0105_lidar_classes_reconstructed.ply,ok,0.1142720013213531,0.27128740922137096,0.7129937519676222,0.16361547543788602,52278,6448
16.02.obj,valve_0395_lidar_classes_reconstructed.ply,ok,0.1162052304449522,0.263379239045105,0.6435203680335998,0.16267472266834979,45058,6448
16.02.obj,valve_0378_lidar_classes_reconstructed.ply,ok,0.11655628140980183,0.27920867254064485,0.7254106186104666,0.16887307568606744,42213,6448
16.02.obj,valve_0125_lidar_classes_reconstructed.ply,ok,0.09658036621353785,0.24622543391197807,0.6307868302312357,0.14588283135320923,31974,6448
16.02.obj,valve_0069_lidar_classes_reconstructed.ply,ok,0.10605293765978356,0.2565099121979447,0.6411433237071837,0.15511708233152116,40462,6448
16.02.obj,valve_0451_lidar_classes_reconstructed.ply,ok,0.11706546373532775,0.2610804840705225,0.6785254495706137,0.15933530407818514,53257,6448
16.02.obj,valve_0010_lidar_classes_reconstructed.ply,ok,0.11689944161819352,0.2677644357160933,0.6639815286371367,0.16466638982090595,40525,6448
16.02.obj,valve_0195_lidar_classes_reconstructed.ply,ok,0.11310434634016889,0.2723524805024057,0.7047978117972958,0.16290786820153774,53931,6448
16.02.obj,valve_0407_lidar_classes_reconstructed.ply,ok,0.09122277502059419,0.2492648886539913,0.6580261393394917,0.14660029319500123,35924,6448
16.02.obj,valve_0085_lidar_classes_reconstructed.ply,ok,0.10616210183117072,0.2539385026465767,0.6952619017738798,0.1525923721025387,47753,6448
16.02.obj,valve_0372_lidar_classes_reconstructed.ply,ok,0.10764070033675112,0.2744629741948239,0.712551156315962,0.16243452065139788,42508,6448
16.02.obj,valve_0389_lidar_classes_reconstructed.ply,ok,0.108996029478002,0.2515365045677068,0.6858913935996017,0.15375063208603812,41731,6448
16.02.obj,valve_0496_lidar_classes_reconstructed.ply,ok,0.0965407277500329,0.2519190320920244,0.6517239111324195,0.14806836367395984,34573,6448
16.02.obj,valve_0031_lidar_classes_reconstructed.ply,ok,0.11814934852355224,0.2587143410485954,0.6699797476954885,0.16054842859450358,51930,6448
16.02.obj,valve_0317_lidar_classes_reconstructed.ply,ok,0.09858225164488427,0.2593517177260064,0.6311210915765989,0.15344589487492766,38093,6448
16.02.obj,valve_0409_lidar_classes_reconstructed.ply,ok,0.11097546508342884,0.26539271257291625,0.6267213448757927,0.16225030015251934,40753,6448
16.02.obj,valve_0491_lidar_classes_reconstructed.ply,ok,0.11636240225485299,0.2734078714019713,0.6896539823562466,0.1661404494718568,41868,6448
16.02.obj,valve_0492_lidar_classes_reconstructed.ply,ok,0.11508345750584098,0.2629930925027934,0.6911870614645429,0.1574752315164699,54069,6448
16.02.obj,valve_0281_lidar_classes_reconstructed.ply,ok,0.10828324811398299,0.2660850776922349,0.6821661027875453,0.1615454903021825,35527,6448
16.02.obj,valve_0357_lidar_classes_reconstructed.ply,ok,0.11035832272392689,0.2629312337379671,0.6856244796210021,0.1587611782504615,50788,6448
16.02.obj,valve_0077_lidar_classes_reconstructed.ply,ok,0.11894591304139392,0.26619909270657377,0.6865086366222762,0.16414456968913532,38922,6448
16.02.obj,valve_0462_lidar_classes_reconstructed.ply,ok,0.0993893915591803,0.2752962283228612,0.6738163042959671,0.1641360431521531,34420,6448
16.02.obj,valve_0498_lidar_classes_reconstructed.ply,ok,0.10742860862962432,0.26825917552238354,0.6457088375912005,0.16197369449766022,39462,6448
16.02.obj,valve_0212_lidar_classes_reconstructed.ply,ok,0.11703233448252345,0.25968714302613544,0.6796223075569082,0.15961641594404827,44245,6448
16.02.obj,valve_0102_lidar_classes_reconstructed.ply,ok,0.11168271336618055,0.266940335836986,0.6599585229736592,0.1624286143575554,31994,6448
16.02.obj,valve_0335_lidar_classes_reconstructed.ply,ok,0.10383258689956736,0.27493113730082114,0.6866083399053226,0.16571409256112637,35276,6448
16.03.obj,valve_0362_lidar_classes_reconstructed.ply,ok,0.1653965690285417,0.36731469402995537,0.8121068780644797,0.22666564109699866,52616,2744
16.03.obj,valve_0074_lidar_classes_reconstructed.ply,ok,0.15890038952264796,0.3473681722500853,0.7664089452353859,0.2125630381818035,44293,2744
16.03.obj,valve_0375_lidar_classes_reconstructed.ply,ok,0.16039269578816456,0.382214550476965,0.7476343072909886,0.23113768859357864,44637,2744
16.03.obj,valve_0156_lidar_classes_reconstructed.ply,ok,0.16447575887077326,0.35075186329631636,0.7817722099032689,0.2170843414674714,43217,2744
16.03.obj,valve_0105_lidar_classes_reconstructed.ply,ok,0.15691077473690776,0.3565612007651462,0.7905440847211828,0.2161248659024062,52278,2744
16.03.obj,valve_0395_lidar_classes_reconstructed.ply,ok,0.16083092345740185,0.36958930142183904,0.7590334794955809,0.22511959475523674,45058,2744
16.03.obj,valve_0378_lidar_classes_reconstructed.ply,ok,0.15859765477672874,0.3607752917334516,0.7497582565426175,0.2218000719017612,42213,2744
16.03.obj,valve_0125_lidar_classes_reconstructed.ply,ok,0.14725031245597528,0.36390343904053024,0.7653854825745191,0.21246399840953195,31974,2744
16.03.obj,valve_0069_lidar_classes_reconstructed.ply,ok,0.15864519901835342,0.37360996288965215,0.7477162668916387,0.22643504671570686,40462,2744
16.03.obj,valve_0451_lidar_classes_reconstructed.ply,ok,0.16642645798394912,0.3579058323276745,0.7981460739719858,0.22070609326300483,53257,2744
16.03.obj,valve_0010_lidar_classes_reconstructed.ply,ok,0.16376170079035773,0.3714911832153836,0.7575889165213735,0.22848595379124886,40525,2744
16.03.obj,valve_0195_lidar_classes_reconstructed.ply,ok,0.1627121007466448,0.3592600198743979,0.8096893448640892,0.22084077617330505,53931,2744
16.03.obj,valve_0407_lidar_classes_reconstructed.ply,ok,0.14294487228731945,0.3651931830974628,0.7255682982518221,0.21190719006644212,35924,2744
16.03.obj,valve_0085_lidar_classes_reconstructed.ply,ok,0.15242171299358537,0.33955188141259834,0.760791424251327,0.20276458907297631,47753,2744
16.03.obj,valve_0372_lidar_classes_reconstructed.ply,ok,0.1578712396615269,0.36781237640576275,0.8034108921038119,0.22382709049864835,42508,2744
16.03.obj,valve_0389_lidar_classes_reconstructed.ply,ok,0.15154484620299646,0.35306271663782296,0.7844412351841972,0.21094050389669528,41731,2744
16.03.obj,valve_0496_lidar_classes_reconstructed.ply,ok,0.15172125449016421,0.36646520781459097,0.748900239220682,0.21614681351348836,34573,2744
16.03.obj,valve_0031_lidar_classes_reconstructed.ply,ok,0.1637057156815889,0.3808696498633919,0.8023281321627455,0.23263422312916426,51930,2744
16.03.obj,valve_0317_lidar_classes_reconstructed.ply,ok,0.15311925283647157,0.3803201770669101,0.7464052072307584,0.22456909076864118,38093,2744
16.03.obj,valve_0409_lidar_classes_reconstructed.ply,ok,0.15579379903230958,0.3880345344136236,0.7639420068475647,0.2303354028555329,40753,2744
16.03.obj,valve_0491_lidar_classes_reconstructed.ply,ok,0.15933361542581542,0.36665018125505816,0.7847659527359293,0.22217516415173577,41868,2744
16.03.obj,valve_0492_lidar_classes_reconstructed.ply,ok,0.15957713323204073,0.3634103274965134,0.8058650261886772,0.2187668753735119,54069,2744
16.03.obj,valve_0281_lidar_classes_reconstructed.ply,ok,0.155423270721849,0.38119917835987116,0.742103190901085,0.22678861404080647,35527,2744
16.03.obj,valve_0357_lidar_classes_reconstructed.ply,ok,0.16506212205234222,0.3769151264022669,0.7977732329545433,0.22937872208181861,50788,2744
16.03.obj,valve_0077_lidar_classes_reconstructed.ply,ok,0.16306296366430464,0.35636439565343575,0.7647704569086288,0.21824550684958294,38922,2744
16.03.obj,valve_0462_lidar_classes_reconstructed.ply,ok,0.1483837856168671,0.38580142380610805,0.7415217864237472,0.22943614651590116,34420,2744
16.03.obj,valve_0498_lidar_classes_reconstructed.ply,ok,0.15857318733830858,0.3866913849040375,0.7421915382164733,0.23292187318632634,39462,2744
16.03.obj,valve_0212_lidar_classes_reconstructed.ply,ok,0.16518044229169962,0.35769182811885697,0.7827347313411108,0.22076016816852745,44245,2744
16.03.obj,valve_0102_lidar_classes_reconstructed.ply,ok,0.15999575444959938,0.3687116541196393,0.763856511954966,0.22340861341092927,31994,2744
16.03.obj,valve_0335_lidar_classes_reconstructed.ply,ok,0.1508154805408245,0.38418666528402795,0.7621462837433804,0.22859094487959497,35276,2744
16.04.obj,valve_0362_lidar_classes_reconstructed.ply,ok,0.27219036542047426,0.1984195408651991,0.8035190841774283,0.18840199294726245,52616,3980
16.04.obj,valve_0074_lidar_classes_reconstructed.ply,ok,0.2643225603238713,0.18425014521090288,0.7471363153565116,0.17841869698307777,44293,3980
16.04.obj,valve_0375_lidar_classes_reconstructed.ply,ok,0.26467643322310974,0.19335063642217662,0.7500353384241978,0.18580471084847072,44637,3980
16.04.obj,valve_0156_lidar_classes_reconstructed.ply,ok,0.24890868994028878,0.19708805493947876,0.7205517581745734,0.1765950856793404,43217,3980
16.04.obj,valve_0105_lidar_classes_reconstructed.ply,ok,0.23678564132037663,0.20520288048954521,0.5868646222899035,0.17581680534380995,52278,3980
16.04.obj,valve_0395_lidar_classes_reconstructed.ply,ok,0.2115228790548278,0.19818604905071502,0.5132895629254804,0.1688249508126478,45058,3980
16.04.obj,valve_0378_lidar_classes_reconstructed.ply,ok,0.24634526680037439,0.22114342026223832,0.7385418929598462,0.18710132088577602,42213,3980
16.04.obj,valve_0125_lidar_classes_reconstructed.ply,ok,0.21903032131275335,0.149369889914874,0.5133368327594553,0.15465230039306616,31974,3980
16.04.obj,valve_0069_lidar_classes_reconstructed.ply,ok,0.2830534238043464,0.17815706831545736,0.8003589895463593,0.1826700930119298,40462,3980
16.04.obj,valve_0451_lidar_classes_reconstructed.ply,ok,0.2774748319438609,0.204907891336037,0.8025475010263671,0.19339280968111083,53257,3980
16.04.obj,valve_0010_lidar_classes_reconstructed.ply,ok,0.22038417555898668,0.2063734518107704,0.5204617143417539,0.17418662858727874,40525,3980
16.04.obj,valve_0195_lidar_classes_reconstructed.ply,ok,0.2816648523113704,0.20142342345456163,0.7904538261773962,0.19419938191755198,53931,3980
16.04.obj,valve_0407_lidar_classes_reconstructed.ply,ok,0.3339152356752988,0.16762858096874664,0.7585736786421814,0.19782804120722164,35924,3980
16.04.obj,valve_0085_lidar_classes_reconstructed.ply,ok,0.2784828597534437,0.18156854736844183,0.7508435197759016,0.18437088229036458,47753,3980
16.04.obj,valve_0372_lidar_classes_reconstructed.ply,ok,0.23992041850267462,0.20195456209419269,0.6099856855097118,0.18246362156229368,42508,3980
16.04.obj,valve_0389_lidar_classes_reconstructed.ply,ok,0.28446523589817063,0.1852868701112269,0.8172265522755672,0.18348832541537063,41731,3980
16.04.obj,valve_0496_lidar_classes_reconstructed.ply,ok,0.21586081968447315,0.14592496297834176,0.48839276360750705,0.15018906354117978,34573,3980
16.04.obj,valve_0031_lidar_classes_reconstructed.ply,ok,0.2715536387178419,0.20969105788680717,0.828744733337946,0.19360503401250512,51930,3980
16.04.obj,valve_0317_lidar_classes_reconstructed.ply,ok,0.3104093496458012,0.16670276968287365,0.7261753447263797,0.18685931428849195,38093,3980
16.04.obj,valve_0409_lidar_classes_reconstructed.ply,ok,0.2841643723499581,0.1788947193014135,0.7289466255617919,0.18180944005915706,40753,3980
16.04.obj,valve_0491_lidar_classes_reconstructed.ply,ok,0.2179915962385613,0.190648455086465,0.5746411089682136,0.16392176359019195,41868,3980
16.04.obj,valve_0492_lidar_classes_reconstructed.ply,ok,0.24130757049061047,0.2096399445813751,0.5858485350819118,0.17708324669675624,54069,3980
16.04.obj,valve_0281_lidar_classes_reconstructed.ply,ok,0.20539277280059334,0.1817613268546162,0.5037834461618564,0.15734715521584872,35527,3980
16.04.obj,valve_0357_lidar_classes_reconstructed.ply,ok,0.2743245899140368,0.20116975300340945,0.8458125555448003,0.18770190528738862,50788,3980
16.04.obj,valve_0077_lidar_classes_reconstructed.ply,ok,0.2360961354187346,0.20410324950898753,0.6514213719308964,0.1778447628393594,38922,3980
16.04.obj,valve_0462_lidar_classes_reconstructed.ply,ok,0.2635311455195311,0.18440343319539915,0.7951157142584303,0.18262246688211592,34420,3980
16.04.obj,valve_0498_lidar_classes_reconstructed.ply,ok,0.26983521446646247,0.1749614179939972,0.729612927118496,0.1734884329034372,39462,3980
16.04.obj,valve_0212_lidar_classes_reconstructed.ply,ok,0.23077227584826898,0.19518964788749288,0.6477058363388395,0.17329463376209164,44245,3980
16.04.obj,valve_0102_lidar_classes_reconstructed.ply,ok,0.21267674594274588,0.20475580996965806,0.5495649437765135,0.16805683798247262,31994,3980
16.04.obj,valve_0335_lidar_classes_reconstructed.ply,ok,0.28133258579957626,0.18119710393973634,0.8143798501785082,0.18568013022740282,35276,3980
16.05.obj,valve_0362_lidar_classes_reconstructed.ply,ok,0.17141732631458964,0.34102177046457965,0.7316403476333473,0.2321142493025798,52616,2904
16.05.obj,valve_0074_lidar_classes_reconstructed.ply,ok,0.16579444059447201,0.31126969515232106,0.6748910035543236,0.21197453449487635,44293,2904
16.05.obj,valve_0375_lidar_classes_reconstructed.ply,ok,0.16963466766306798,0.33808371098349727,0.6857047101554047,0.22977083446734115,44637,2904
16.05.obj,valve_0156_lidar_classes_reconstructed.ply,ok,0.16900401951807684,0.3212309844006919,0.6956281474606715,0.22232929283247138,43217,2904
16.05.obj,valve_0105_lidar_classes_reconstructed.ply,ok,0.17178870594323342,0.33530323729361805,0.693394776574285,0.2301226529542163,52278,2904
16.05.obj,valve_0395_lidar_classes_reconstructed.ply,ok,0.17039465505280915,0.3409257845621455,0.7172034788759296,0.2314443285636948,45058,2904
16.05.obj,valve_0378_lidar_classes_reconstructed.ply,ok,0.16882351620167224,0.32936752949806813,0.6728216872661862,0.2253648319624565,42213,2904
16.05.obj,valve_0125_lidar_classes_reconstructed.ply,ok,0.16623521967948368,0.3189067498584733,0.7151938331212235,0.21452771800345843,31974,2904
16.05.obj,valve_0069_lidar_classes_reconstructed.ply,ok,0.1720324998339285,0.33035711461233835,0.6954041321362635,0.22603734353041544,40462,2904
16.05.obj,valve_0451_lidar_classes_reconstructed.ply,ok,0.16770190904532087,0.3385910755964776,0.7441655536869722,0.22918333792853607,53257,2904
16.05.obj,valve_0010_lidar_classes_reconstructed.ply,ok,0.1708042245120567,0.344187889762758,0.7214309466726424,0.23338804898875248,40525,2904
16.05.obj,valve_0195_lidar_classes_reconstructed.ply,ok,0.17071166553542433,0.3348022391711689,0.7187717576751714,0.22936838516007174,53931,2904
16.05.obj,valve_0407_lidar_classes_reconstructed.ply,ok,0.17085596318458512,0.31615023937528336,0.6432096077585939,0.21862547629003543,35924,2904
16.05.obj,valve_0085_lidar_classes_reconstructed.ply,ok,0.1597505719842494,0.31351969124474416,0.6726682496728172,0.20910046204720284,47753,2904
16.05.obj,valve_0372_lidar_classes_reconstructed.ply,ok,0.17194840436381936,0.3304721093471548,0.6613642407251699,0.2280875060803701,42508,2904
16.05.obj,valve_0389_lidar_classes_reconstructed.ply,ok,0.16613845119368628,0.3181202232135886,0.6623611894928035,0.21752049167667784,41731,2904
16.05.obj,valve_0496_lidar_classes_reconstructed.ply,ok,0.16660554851385145,0.3231989005215554,0.6387232243217222,0.21846444134322024,34573,2904
16.05.obj,valve_0031_lidar_classes_reconstructed.ply,ok,0.1690539042981429,0.34910215495472846,0.7785013735355059,0.23591860695197414,51930,2904
16.05.obj,valve_0317_lidar_classes_reconstructed.ply,ok,0.1675412186982999,0.3244118180566165,0.6870050251123622,0.2209712919243096,38093,2904
16.05.obj,valve_0409_lidar_classes_reconstructed.ply,ok,0.17215956591467055,0.3458790117778289,0.7028082939400122,0.23606662108436693,40753,2904
16.05.obj,valve_0491_lidar_classes_reconstructed.ply,ok,0.1664010206250756,0.33894895962258953,0.7523272269434682,0.2285407954250453,41868,2904
16.05.obj,valve_0492_lidar_classes_reconstructed.ply,ok,0.16486834876974002,0.33945365454828674,0.767581640826975,0.2247148031867644,54069,2904
16.05.obj,valve_0281_lidar_classes_reconstructed.ply,ok,0.1735122313203759,0.3411500002081546,0.6966551212584073,0.23354722644168108,35527,2904
16.05.obj,valve_0357_lidar_classes_reconstructed.ply,ok,0.17178937414327347,0.3425332784312285,0.7463630728851671,0.2349279020697374,50788,2904
16.05.obj,valve_0077_lidar_classes_reconstructed.ply,ok,0.16435468206321843,0.3365119883310953,0.7315479955220545,0.22719219012024278,38922,2904
16.05.obj,valve_0462_lidar_classes_reconstructed.ply,ok,0.1848290918747344,0.3473823538436187,0.6801300296789707,0.2421458246870911,34420,2904
16.05.obj,valve_0498_lidar_classes_reconstructed.ply,ok,0.16707262891652083,0.34110429937926123,0.6866919263833327,0.23029759793187002,39462,2904
16.05.obj,valve_0212_lidar_classes_reconstructed.ply,ok,0.16578378096046412,0.33389309742239015,0.7188705451858739,0.2258816193485285,44245,2904
16.05.obj,valve_0102_lidar_classes_reconstructed.ply,ok,0.16808086612493725,0.33861898782874505,0.6989067800617431,0.2279821439104097,31994,2904
16.05.obj,valve_0335_lidar_classes_reconstructed.ply,ok,0.178793047637687,0.3347344484034055,0.6755004543922516,0.23471765593896737,35276,2904
16.06.obj,valve_0362_lidar_classes_reconstructed.ply,ok,0.356369833368591,0.505623389565358,0.7667336530391916,0.3988766438018806,52616,18656
16.06.obj,valve_0074_lidar_classes_reconstructed.ply,ok,0.3512605480447526,0.4885875305497356,0.7562937552157243,0.3848696004996582,44293,18656
16.06.obj,valve_0375_lidar_classes_reconstructed.ply,ok,0.38834250759125566,0.53838502528439,0.7559405660529943,0.43324696734177165,44637,18656
16.06.obj,valve_0156_lidar_classes_reconstructed.ply,ok,0.3479128795477497,0.48576792092306603,0.7720336494113125,0.38264485583172625,43217,18656
16.06.obj,valve_0105_lidar_classes_reconstructed.ply,ok,0.35125646675548017,0.5008403262371972,0.7995343562538657,0.3940020370399589,52278,18656
16.06.obj,valve_0395_lidar_classes_reconstructed.ply,ok,0.36466007722588306,0.5104084544169941,0.7813996743231196,0.40604217762322065,45058,18656
16.06.obj,valve_0378_lidar_classes_reconstructed.ply,ok,0.3756619344019745,0.5000935092653288,0.7327993002123325,0.4095280741157751,42213,18656
16.06.obj,valve_0125_lidar_classes_reconstructed.ply,ok,0.36040624317629755,0.49369159854360134,0.7394527367195444,0.39656755717067144,31974,18656
16.06.obj,valve_0069_lidar_classes_reconstructed.ply,ok,0.37351856162247515,0.5199296984836627,0.7553081545082829,0.4138795316120245,40462,18656
16.06.obj,valve_0451_lidar_classes_reconstructed.ply,ok,0.3702308229747554,0.5109968986223121,0.7792854995551695,0.4086254993754559,53257,18656
16.06.obj,valve_0010_lidar_classes_reconstructed.ply,ok,0.36222360708595225,0.5033410579896538,0.7712499395330276,0.40152039108946325,40525,18656
16.06.obj,valve_0195_lidar_classes_reconstructed.ply,ok,0.3522296807324373,0.4937182135886896,0.7364449379360493,0.3930367012780443,53931,18656
16.06.obj,valve_0407_lidar_classes_reconstructed.ply,ok,0.3454590258355082,0.5047856134300027,0.7288231670764151,0.3945545572332224,35924,18656
16.06.obj,valve_0085_lidar_classes_reconstructed.ply,ok,0.3449967130118364,0.4896469208972423,0.7537951012033597,0.38224589828140354,47753,18656
16.06.obj,valve_0372_lidar_classes_reconstructed.ply,ok,0.3531893990859587,0.5109743518178822,0.7663186237039415,0.4009089818272596,42508,18656
16.06.obj,valve_0389_lidar_classes_reconstructed.ply,ok,0.34532407752543154,0.48239223265752684,0.7672065644625241,0.37787269446575733,41731,18656
16.06.obj,valve_0496_lidar_classes_reconstructed.ply,ok,0.35661012904901335,0.5077171685406169,0.7572634948291668,0.40062682112128634,34573,18656
16.06.obj,valve_0031_lidar_classes_reconstructed.ply,ok,0.3741011832948183,0.5201597458900008,0.7921933782969801,0.4156584281103678,51930,18656
16.06.obj,valve_0317_lidar_classes_reconstructed.ply,ok,0.35756741552999993,0.5126757351658564,0.752687903119484,0.4044766655985223,38093,18656
16.06.obj,valve_0409_lidar_classes_reconstructed.ply,ok,0.3715869503266696,0.5256747977740424,0.7556549505189505,0.4181714263962568,40753,18656
16.06.obj,valve_0491_lidar_classes_reconstructed.ply,ok,0.37130010949286163,0.5156591022198287,0.7973796435319211,0.41010895170741435,41868,18656
16.06.obj,valve_0492_lidar_classes_reconstructed.ply,ok,0.328919230967121,0.4845306095880206,0.8276192543449408,0.3718438432297828,54069,18656
16.06.obj,valve_0281_lidar_classes_reconstructed.ply,ok,0.37285531799312605,0.522431144090711,0.7650794320671689,0.4142928888275865,35527,18656
16.06.obj,valve_0357_lidar_classes_reconstructed.ply,ok,0.37332520624244864,0.5276130288266146,0.8006581270255345,0.41807691374128625,50788,18656
16.06.obj,valve_0077_lidar_classes_reconstructed.ply,ok,0.3667087804443425,0.5065967868927902,0.7889076773684325,0.4026998489689936,38922,18656
16.06.obj,valve_0462_lidar_classes_reconstructed.ply,ok,0.3747359866589947,0.5365231265184569,0.7389817084324327,0.42382603405851343,34420,18656
16.06.obj,valve_0498_lidar_classes_reconstructed.ply,ok,0.3723092529948995,0.5229993318812863,0.7555416338499444,0.4188289117231945,39462,18656
16.06.obj,valve_0212_lidar_classes_reconstructed.ply,ok,0.36638729472783227,0.50912302346642,0.7896184294012637,0.40399448519605585,44245,18656
16.06.obj,valve_0102_lidar_classes_reconstructed.ply,ok,0.3694925756541236,0.5095650634137338,0.782966193627617,0.4088994072385999,31994,18656
16.06.obj,valve_0335_lidar_classes_reconstructed.ply,ok,0.37152188457362,0.5272461081168868,0.7475064677710778,0.4167711239497628,35276,18656
16.07.obj,valve_0362_lidar_classes_reconstructed.ply,ok,0.3752749590355198,0.4705458708358359,0.7932107377329822,0.3831340072127795,52616,2522
16.07.obj,valve_0074_lidar_classes_reconstructed.ply,ok,0.3735449058942514,0.44858461768693986,0.7493538083495999,0.3724472701084709,44293,2522
16.07.obj,valve_0375_lidar_classes_reconstructed.ply,ok,0.3961628453029284,0.5019550940633515,0.7465362568524296,0.4109876979622956,44637,2522
16.07.obj,valve_0156_lidar_classes_reconstructed.ply,ok,0.3595913257513617,0.4567675341729099,0.7513186859240297,0.3677329428527837,43217,2522
16.07.obj,valve_0105_lidar_classes_reconstructed.ply,ok,0.34481077507984315,0.4500828676681773,0.7452114183234214,0.35955284799712683,52278,2522
16.07.obj,valve_0395_lidar_classes_reconstructed.ply,ok,0.3727907950262305,0.4873850022902501,0.7309354557052281,0.39109364961874515,45058,2522
16.07.obj,valve_0378_lidar_classes_reconstructed.ply,ok,0.363730587074997,0.456577815395542,0.758525474810656,0.371352354744914,42213,2522
16.07.obj,valve_0125_lidar_classes_reconstructed.ply,ok,0.3534940437901158,0.45618023422519693,0.7304812864471762,0.3689463519893777,31974,2522
16.07.obj,valve_0069_lidar_classes_reconstructed.ply,ok,0.40036628236494215,0.4960821485869408,0.7641552889849043,0.4093279123246332,40462,2522
16.07.obj,valve_0451_lidar_classes_reconstructed.ply,ok,0.3736957558952729,0.468683272882235,0.7960605064892691,0.37941659944053063,53257,2522
16.07.obj,valve_0010_lidar_classes_reconstructed.ply,ok,0.35846057362586775,0.4617800351660786,0.7239046632823962,0.37030943285051887,40525,2522
16.07.obj,valve_0195_lidar_classes_reconstructed.ply,ok,0.3827409489608784,0.47031881213001053,0.767325560672608,0.38611074422549574,53931,2522
16.07.obj,valve_0407_lidar_classes_reconstructed.ply,ok,0.4051385704582047,0.48366131822977804,0.7309698056435907,0.4075021579846264,35924,2522
16.07.obj,valve_0085_lidar_classes_reconstructed.ply,ok,0.38164878899311383,0.45336453389439507,0.7408319756512058,0.37702320576145976,47753,2522
16.07.obj,valve_0372_lidar_classes_reconstructed.ply,ok,0.37494924154959874,0.46772020522423063,0.7321178686753376,0.38044800325223815,42508,2522
16.07.obj,valve_0389_lidar_classes_reconstructed.ply,ok,0.37429755242529983,0.47101742007164016,0.7827799622703094,0.3805303399951053,41731,2522
16.07.obj,valve_0496_lidar_classes_reconstructed.ply,ok,0.36701966063845726,0.46608933018440823,0.7256647169466974,0.3806115074709254,34573,2522
16.07.obj,valve_0031_lidar_classes_reconstructed.ply,ok,0.3735496998120716,0.4787591883171649,0.8037816569495143,0.3856750006607147,51930,2522
16.07.obj,valve_0317_lidar_classes_reconstructed.ply,ok,0.3986648399372171,0.4857170994603051,0.7362586445170657,0.4046107730249491,38093,2522
16.07.obj,valve_0409_lidar_classes_reconstructed.ply,ok,0.40346353476446595,0.5093200964159588,0.7440361062649606,0.4191772761422353,40753,2522
16.07.obj,valve_0491_lidar_classes_reconstructed.ply,ok,0.3619483516764021,0.4785890283008663,0.7258732050641666,0.38244613640951375,41868,2522
16.07.obj,valve_0492_lidar_classes_reconstructed.ply,ok,0.33642870168408034,0.45060114357680836,0.7596221314369438,0.3550556405963792,54069,2522
16.07.obj,valve_0281_lidar_classes_reconstructed.ply,ok,0.36418828318987906,0.4853281394669867,0.7262501934853638,0.38522174508524537,35527,2522
16.07.obj,valve_0357_lidar_classes_reconstructed.ply,ok,0.39097857786898654,0.4955698972557671,0.8033505695762841,0.40160066394676386,50788,2522
16.07.obj,valve_0077_lidar_classes_reconstructed.ply,ok,0.3578858343246954,0.46201596485971275,0.7311632053938842,0.3693894230868626,38922,2522
16.07.obj,valve_0462_lidar_classes_reconstructed.ply,ok,0.40656970353723026,0.5099112177108466,0.7158277888162357,0.4174856255766406,34420,2522
16.07.obj,valve_0498_lidar_classes_reconstructed.ply,ok,0.39781730758248834,0.4963053561715328,0.7084097263100285,0.4097690490424353,39462,2522
16.07.obj,valve_0212_lidar_classes_reconstructed.ply,ok,0.36390574830637756,0.46112315651638086,0.7321432304085741,0.37297356162649264,44245,2522
16.07.obj,valve_0102_lidar_classes_reconstructed.ply,ok,0.3608656905312725,0.4643880802120581,0.7206564890905232,0.37219692924656395,31994,2522
16.07.obj,valve_0335_lidar_classes_reconstructed.ply,ok,0.39414710030452516,0.4978352686916476,0.7593920704331907,0.4060436886467814,35276,2522
16.08.obj,valve_0362_lidar_classes_reconstructed.ply,ok,0.3596487476042399,0.46014850611145797,0.7386241509268396,0.3676655194729611,52616,2522
16.08.obj,valve_0074_lidar_classes_reconstructed.ply,ok,0.3686947660690833,0.44552212078122105,0.725621486119648,0.364769826948772,44293,2522
16.08.obj,valve_0375_lidar_classes_reconstructed.ply,ok,0.36166735866084365,0.48167264381429653,0.728699515962429,0.3851847813113919,44637,2522
16.08.obj,valve_0156_lidar_classes_reconstructed.ply,ok,0.35462846185791463,0.4444737984774815,0.7646321637633701,0.35715119809970725,43217,2522
16.08.obj,valve_0105_lidar_classes_reconstructed.ply,ok,0.3858175166189157,0.47025105457731775,0.7882399245343795,0.383129239089372,52278,2522
16.08.obj,valve_0395_lidar_classes_reconstructed.ply,ok,0.38625680554469544,0.4987952812453606,0.7655804350721437,0.4001548973588042,45058,2522
16.08.obj,valve_0378_lidar_classes_reconstructed.ply,ok,0.361442898179249,0.4628926838097588,0.7541751300953007,0.37117614428880913,42213,2522
16.08.obj,valve_0125_lidar_classes_reconstructed.ply,ok,0.3771935796040899,0.46251001583227963,0.7553488040757526,0.3818991646956997,31974,2522
16.08.obj,valve_0069_lidar_classes_reconstructed.ply,ok,0.37014089454482607,0.4918833844508494,0.7241038312713801,0.39200123647051766,40462,2522
16.08.obj,valve_0451_lidar_classes_reconstructed.ply,ok,0.3576129025130352,0.4619073939166783,0.7421591225760724,0.36938883161038094,53257,2522
16.08.obj,valve_0010_lidar_classes_reconstructed.ply,ok,0.38175532582329885,0.4834213896597372,0.7546764238522606,0.3894854922153115,40525,2522
16.08.obj,valve_0195_lidar_classes_reconstructed.ply,ok,0.35748679717640003,0.4499670893195866,0.7351010968534116,0.3616280416731481,53931,2522
16.08.obj,valve_0407_lidar_classes_reconstructed.ply,ok,0.3361800785429781,0.4784563693941284,0.7186976877277513,0.37383202986944875,35924,2522
16.08.obj,valve_0085_lidar_classes_reconstructed.ply,ok,0.36301234352440476,0.4426020234767294,0.7436609102438059,0.35866283051641307,47753,2522
16.08.obj,valve_0372_lidar_classes_reconstructed.ply,ok,0.39150067115981024,0.4772096344235337,0.7734214333395488,0.38726961817301875,42508,2522
16.08.obj,valve_0389_lidar_classes_reconstructed.ply,ok,0.34547681519224277,0.44020670056374583,0.7214647805980252,0.3507885476327033,41731,2522
16.08.obj,valve_0496_lidar_classes_reconstructed.ply,ok,0.38117827385432634,0.46816984595845546,0.7452540409509544,0.3857054757373656,34573,2522
16.08.obj,valve_0031_lidar_classes_reconstructed.ply,ok,0.35930099946972893,0.4732773521288596,0.736676691933154,0.374089998183579,51930,2522
16.08.obj,valve_0317_lidar_classes_reconstructed.ply,ok,0.35415126565499017,0.4864077845253004,0.7203334715827682,0.3828224737728043,38093,2522
16.08.obj,valve_0409_lidar_classes_reconstructed.ply,ok,0.35779662678277313,0.48663607932596914,0.7241711021242191,0.3852415367910392,40753,2522
16.08.obj,valve_0491_lidar_classes_reconstructed.ply,ok,0.3752076302165769,0.4837275341329791,0.7841889979330967,0.3850963901286906,41868,2522
16.08.obj,valve_0492_lidar_classes_reconstructed.ply,ok,0.3665946202196504,0.4694283350858139,0.8027285024168478,0.37359192830051446,54069,2522
16.08.obj,valve_0281_lidar_classes_reconstructed.ply,ok,0.3796360937978152,0.4882520632085284,0.7503480976239304,0.39276569548451634,35527,2522
16.08.obj,valve_0357_lidar_classes_reconstructed.ply,ok,0.36079224513088687,0.4739307257410331,0.7261122706872799,0.3746987377296777,50788,2522
16.08.obj,valve_0077_lidar_classes_reconstructed.ply,ok,0.37381784424143727,0.46894934160603663,0.7772910081002607,0.3775284256155096,38922,2522
16.08.obj,valve_0462_lidar_classes_reconstructed.ply,ok,0.37673530176457193,0.5035513491485277,0.7383898051687711,0.39929945813771894,34420,2522
16.08.obj,valve_0498_lidar_classes_reconstructed.ply,ok,0.3629372003498692,0.4855051984466769,0.7120964057201722,0.38551552896126395,39462,2522
16.08.obj,valve_0212_lidar_classes_reconstructed.ply,ok,0.3812195165274437,0.4762476097615132,0.7849347863836749,0.3853567597842246,44245,2522
16.08.obj,valve_0102_lidar_classes_reconstructed.ply,ok,0.3767005578594324,0.4763057837361234,0.7555532677605261,0.3835350801619699,31994,2522
16.08.obj,valve_0335_lidar_classes_reconstructed.ply,ok,0.3579200487010734,0.48550813592191383,0.7280592410774792,0.3789480265883455,35276,2522
16.09.obj,valve_0362_lidar_classes_reconstructed.ply,ok,0.344470229346369,0.49749328813722915,0.8129858054139885,0.38660404678527027,52616,18658
16.09.obj,valve_0074_lidar_classes_reconstructed.ply,ok,0.3369688832864989,0.485419031437033,0.7419411566307347,0.3783754626835757,44293,18658
16.09.obj,valve_0375_lidar_classes_reconstructed.ply,ok,0.3622678181748651,0.5249224870522703,0.7754145788004246,0.4126381181607707,44637,18658
16.09.obj,valve_0156_lidar_classes_reconstructed.ply,ok,0.3578184770707454,0.49567300434339895,0.7570531372304605,0.395721885643856,43217,18658
16.09.obj,valve_0105_lidar_classes_reconstructed.ply,ok,0.3489298308241463,0.4979237683040131,0.7754851500485249,0.3878670230149094,52278,18658
16.09.obj,valve_0395_lidar_classes_reconstructed.ply,ok,0.38106974755615525,0.530420827495799,0.7723501141900221,0.42468940260209576,45058,18658
16.09.obj,valve_0378_lidar_classes_reconstructed.ply,ok,0.36539963944732884,0.49456170772365676,0.7768617811526216,0.39702840533423145,42213,18658
16.09.obj,valve_0125_lidar_classes_reconstructed.ply,ok,0.3621689265673823,0.4996294137807947,0.7506525263171426,0.4001529610186473,31974,18658
16.09.obj,valve_0069_lidar_classes_reconstructed.ply,ok,0.35932903526424376,0.5250632115356189,0.7868156009331955,0.4084067319241268,40462,18658
16.09.obj,valve_0451_lidar_classes_reconstructed.ply,ok,0.3466343673488406,0.509416749962319,0.7956260261273789,0.3919101271685753,53257,18658
16.09.obj,valve_0010_lidar_classes_reconstructed.ply,ok,0.36749111058332296,0.5050568086921277,0.7380284281105088,0.40444275650719475,40525,18658
16.09.obj,valve_0195_lidar_classes_reconstructed.ply,ok,0.34444532628678354,0.5059960514845259,0.7991354089928824,0.38939338549382396,53931,18658
16.09.obj,valve_0407_lidar_classes_reconstructed.ply,ok,0.33365714286016773,0.5022701913388677,0.7367939130512126,0.3841020166125053,35924,18658
16.09.obj,valve_0085_lidar_classes_reconstructed.ply,ok,0.3196227141986986,0.47798251304941336,0.7561634867815509,0.3671951374639115,47753,18658
16.09.obj,valve_0372_lidar_classes_reconstructed.ply,ok,0.3511302094592269,0.5118012132878168,0.7736035557133664,0.39519801119897713,42508,18658
16.09.obj,valve_0389_lidar_classes_reconstructed.ply,ok,0.34375568850249333,0.4968953455587007,0.7913714690890238,0.3864034148856971,41731,18658
16.09.obj,valve_0496_lidar_classes_reconstructed.ply,ok,0.35061594024519094,0.5039902745913242,0.7549781830205969,0.39649524923281,34573,18658
16.09.obj,valve_0031_lidar_classes_reconstructed.ply,ok,0.3507926991361285,0.5143097112318121,0.8115517740044343,0.397635397435975,51930,18658
16.09.obj,valve_0317_lidar_classes_reconstructed.ply,ok,0.3449891401997624,0.5131822301680988,0.7478523408228507,0.39651707170055195,38093,18658
16.09.obj,valve_0409_lidar_classes_reconstructed.ply,ok,0.3441241282008321,0.5225841655399969,0.7434791488217041,0.4011470430043852,40753,18658
16.09.obj,valve_0491_lidar_classes_reconstructed.ply,ok,0.3554014113298326,0.51046532102,0.7445623594254761,0.4021479986182151,41868,18658
16.09.obj,valve_0492_lidar_classes_reconstructed.ply,ok,0.3514467831891611,0.49831357031956836,0.8001714054878465,0.3919162907954494,54069,18658
16.09.obj,valve_0281_lidar_classes_reconstructed.ply,ok,0.36701184953768107,0.5197998327588823,0.7722657924590265,0.41280621030056047,35527,18658
16.09.obj,valve_0357_lidar_classes_reconstructed.ply,ok,0.3576817361491502,0.5213277450716692,0.8162624088935843,0.40363233853756286,50788,18658
16.09.obj,valve_0077_lidar_classes_reconstructed.ply,ok,0.36647473824240095,0.5025985629847318,0.7597227422442557,0.40396933736347307,38922,18658
16.09.obj,valve_0462_lidar_classes_reconstructed.ply,ok,0.35722696615551164,0.5313202328102817,0.7508448056966239,0.4120130780543312,34420,18658
16.09.obj,valve_0498_lidar_classes_reconstructed.ply,ok,0.36788053215695654,0.5310913069992145,0.7561902494036031,0.41846715296631987,39462,18658
16.09.obj,valve_0212_lidar_classes_reconstructed.ply,ok,0.36098793385160394,0.5043028624850514,0.74416126931947,0.40158189381887743,44245,18658
16.09.obj,valve_0102_lidar_classes_reconstructed.ply,ok,0.36645376503928534,0.5113771960526496,0.7565183938431662,0.408492076131017,31994,18658
16.09.obj,valve_0335_lidar_classes_reconstructed.ply,ok,0.3565000599941873,0.5248382846024701,0.768487322150755,0.4061699183778625,35276,18658
16.10.obj,valve_0362_lidar_classes_reconstructed.ply,ok,0.21407796778989524,0.36322203368993666,0.6566214508984716,0.2695988796264552,52616,104294
16.10.obj,valve_0074_lidar_classes_reconstructed.ply,ok,0.19825177769913135,0.3379378532329931,0.629136554392364,0.24734142306201146,44293,104294
16.10.obj,valve_0375_lidar_classes_reconstructed.ply,ok,0.2135240440588922,0.35607379323293264,0.6164528089994461,0.26794488501685304,44637,104294
16.10.obj,valve_0156_lidar_classes_reconstructed.ply,ok,0.2148866263773181,0.3647701318119136,0.6394880458378217,0.26986360374315865,43217,104294
16.10.obj,valve_0105_lidar_classes_reconstructed.ply,ok,0.20579329078294123,0.3592241898382692,0.6609427172719993,0.26176322587464473,52278,104294
16.10.obj,valve_0395_lidar_classes_reconstructed.ply,ok,0.21919094903734826,0.36241624729015565,0.6205017209014384,0.2733658317004441,45058,104294
16.10.obj,valve_0378_lidar_classes_reconstructed.ply,ok,0.21882606464835036,0.3688096188142942,0.6592947461446592,0.2749271553990927,42213,104294
16.10.obj,valve_0125_lidar_classes_reconstructed.ply,ok,0.18942312359714444,0.3322219465437841,0.5875636305120701,0.24008744319915493,31974,104294
16.10.obj,valve_0069_lidar_classes_reconstructed.ply,ok,0.21192399957757793,0.3560643301938378,0.6161896899661223,0.267162368239306,40462,104294
16.10.obj,valve_0451_lidar_classes_reconstructed.ply,ok,0.2119696700945746,0.3628477365268859,0.6735157115719083,0.2668984762515698,53257,104294
16.10.obj,valve_0010_lidar_classes_reconstructed.ply,ok,0.21531853818084287,0.3552430882061717,0.612152039038214,0.2674876433497727,40525,104294
16.10.obj,valve_0195_lidar_classes_reconstructed.ply,ok,0.2130117898720978,0.36503093656669205,0.6725538754361954,0.2687183646220266,53931,104294
16.10.obj,valve_0407_lidar_classes_reconstructed.ply,ok,0.1864785430602027,0.3372801934855365,0.589304645832815,0.24067680283056592,35924,104294
16.10.obj,valve_0085_lidar_classes_reconstructed.ply,ok,0.19874224169059676,0.3532846998078908,0.6222078152937438,0.2578700978910019,47753,104294
16.10.obj,valve_0372_lidar_classes_reconstructed.ply,ok,0.21024622539599008,0.3704318156455839,0.6384930752577924,0.2739206823738013,42508,104294
16.10.obj,valve_0389_lidar_classes_reconstructed.ply,ok,0.20752355536587497,0.3507664699016451,0.6343105527404712,0.25926326988657383,41731,104294
16.10.obj,valve_0496_lidar_classes_reconstructed.ply,ok,0.19263829120176357,0.3374960275547756,0.5840541086330712,0.24641266780136184,34573,104294
16.10.obj,valve_0031_lidar_classes_reconstructed.ply,ok,0.21540966174367918,0.3646025341530444,0.657739902154586,0.27069264869428544,51930,104294
16.10.obj,valve_0317_lidar_classes_reconstructed.ply,ok,0.1963082515100014,0.3433859306897867,0.5928866453680177,0.24765027304921444,38093,104294
16.10.obj,valve_0409_lidar_classes_reconstructed.ply,ok,0.21564776920052822,0.3611410241254158,0.6143131563735804,0.26903222708944996,40753,104294
16.10.obj,valve_0491_lidar_classes_reconstructed.ply,ok,0.22205960665171323,0.3694190225651275,0.6365154213904697,0.27759247888404304,41868,104294
16.10.obj,valve_0492_lidar_classes_reconstructed.ply,ok,0.19710183483076799,0.36052874490945364,0.6740538602414385,0.25319524695099827,54069,104294
16.10.obj,valve_0281_lidar_classes_reconstructed.ply,ok,0.20617845860377704,0.3461077249926349,0.570717898731743,0.2595483762368803,35527,104294
16.10.obj,valve_0357_lidar_classes_reconstructed.ply,ok,0.21541527609708427,0.35751399542514534,0.6579739854779438,0.26720649227895643,50788,104294
16.10.obj,valve_0077_lidar_classes_reconstructed.ply,ok,0.21619381732702697,0.36196696709319864,0.6198189451217777,0.26960258710284124,38922,104294
16.10.obj,valve_0462_lidar_classes_reconstructed.ply,ok,0.2159550006534377,0.36446350213068757,0.5746638335635517,0.27656946913306285,34420,104294
16.10.obj,valve_0498_lidar_classes_reconstructed.ply,ok,0.2099677638411367,0.35611980530808895,0.5994834969104511,0.26430231819338673,39462,104294
16.10.obj,valve_0212_lidar_classes_reconstructed.ply,ok,0.2130064430422134,0.36453319953905,0.6396899792429087,0.27003727023451324,44245,104294
16.10.obj,valve_0102_lidar_classes_reconstructed.ply,ok,0.21122253692668996,0.3566026470006272,0.6252093598204371,0.2649091772930344,31994,104294
16.10.obj,valve_0335_lidar_classes_reconstructed.ply,ok,0.2171564300427684,0.3696034903562544,0.6123152898307112,0.2774443768673138,35276,104294
16.obj,valve_0362_lidar_classes_reconstructed.ply,ok,0.17638458719351788,0.13983298369120709,0.7965119681629352,0.09172468668440423,52616,188182
16.obj,valve_0074_lidar_classes_reconstructed.ply,ok,0.17451027454093965,0.1278999303617668,0.8291162066397163,0.08950002925658176,44293,188182
16.obj,valve_0375_lidar_classes_reconstructed.ply,ok,0.11483711987899355,0.11559758807344209,0.5317501577595659,0.062407712352610764,44637,188182
16.obj,valve_0156_lidar_classes_reconstructed.ply,ok,0.17702579016349498,0.13319744177801363,0.8228512651541852,0.08700045643876725,43217,188182
16.obj,valve_0105_lidar_classes_reconstructed.ply,ok,0.16251378105002384,0.12607654923975944,0.6919536878241817,0.0877514648380069,52278,188182
16.obj,valve_0395_lidar_classes_reconstructed.ply,ok,0.11477868524652815,0.11152185832060055,0.5868543996510202,0.06353978288443851,45058,188182
16.obj,valve_0378_lidar_classes_reconstructed.ply,ok,0.1839451052475995,0.13709668715315007,0.8339365779544003,0.09149122367518012,42213,188182
16.obj,valve_0125_lidar_classes_reconstructed.ply,ok,0.07061906485093296,0.07690537549635923,0.2282875417731471,0.06078022175004949,31974,188182
16.obj,valve_0069_lidar_classes_reconstructed.ply,ok,0.14609733270743594,0.11678687185265416,0.6270053917099316,0.07152663470339508,40462,188182
16.obj,valve_0451_lidar_classes_reconstructed.ply,ok,0.17959251591308434,0.13746688738171348,0.790637274415745,0.08958786224916485,53257,188182
16.obj,valve_0010_lidar_classes_reconstructed.ply,ok,0.12196135129368074,0.11783188628164838,0.5996698125189934,0.06952612993474969,40525,188182
16.obj,valve_0195_lidar_classes_reconstructed.ply,ok,0.19673780127444182,0.13928561649005106,0.81006214281839,0.09941068466366534,53931,188182
16.obj,valve_0407_lidar_classes_reconstructed.ply,ok,0.1777544942937656,0.1186915365104151,0.5632794515476178,0.09474230717835,35924,188182
16.obj,valve_0085_lidar_classes_reconstructed.ply,ok,0.18277431182276765,0.1366633402289323,0.8308416908902662,0.09549033551687534,47753,188182
16.obj,valve_0372_lidar_classes_reconstructed.ply,ok,0.13888832203994517,0.12412066436500024,0.7202456420758101,0.07561447745687136,42508,188182
16.obj,valve_0389_lidar_classes_reconstructed.ply,ok,0.1834548503157017,0.12844324358773226,0.7839827937558809,0.09259834054618205,41731,188182
16.obj,valve_0496_lidar_classes_reconstructed.ply,ok,0.06226129650120803,0.07267405485583728,0.20528586888619338,0.05580719745515425,34573,188182
16.obj,valve_0031_lidar_classes_reconstructed.ply,ok,0.16446435790163508,0.13819188397842738,0.766265133637299,0.08461917270815147,51930,188182
16.obj,valve_0317_lidar_classes_reconstructed.ply,ok,0.1510323612590063,0.11858209876114655,0.5076713419888458,0.08241835700287489,38093,188182
16.obj,valve_0409_lidar_classes_reconstructed.ply,ok,0.1323358783902214,0.11419205740805004,0.5251718379447189,0.06912227846491374,40753,188182
16.obj,valve_0491_lidar_classes_reconstructed.ply,ok,0.13984319038839188,0.1158633914950066,0.660569554113883,0.0750195170734285,41868,188182
16.obj,valve_0492_lidar_classes_reconstructed.ply,ok,0.17821257262308457,0.12688780831614693,0.6627363873432643,0.09751809659305558,54069,188182
16.obj,valve_0281_lidar_classes_reconstructed.ply,ok,0.0863317674333162,0.0923976040104119,0.4617829522890578,0.056678001339645546,35527,188182
16.obj,valve_0357_lidar_classes_reconstructed.ply,ok,0.15493326099719168,0.1339703792360001,0.7453101038774043,0.0807452672140698,50788,188182
16.obj,valve_0077_lidar_classes_reconstructed.ply,ok,0.14799628621166444,0.12621262755005633,0.7514851858784374,0.0764769364585231,38922,188182
16.obj,valve_0462_lidar_classes_reconstructed.ply,ok,0.13311003121066725,0.11398680213644426,0.621839984797338,0.06346961109814107,34420,188182
16.obj,valve_0498_lidar_classes_reconstructed.ply,ok,0.1291860581912745,0.11389546527358749,0.5240929528637479,0.06921353207216019,39462,188182
16.obj,valve_0212_lidar_classes_reconstructed.ply,ok,0.14500704113512455,0.1192283881345515,0.7506050595361824,0.0725517547239587,44245,188182
16.obj,valve_0102_lidar_classes_reconstructed.ply,ok,0.12254282869281599,0.11404312011620588,0.6082888772373947,0.07038705025101025,31994,188182
16.obj,valve_0335_lidar_classes_reconstructed.ply,ok,0.152175951521507,0.11604382633755675,0.6772641561769821,0.0731148371358813,35276,188182
