obj_file,rec_file,status,rmse_rec_to_ref,rmse_ref_to_rec,hausdorff,mean_dist,rec_faces,ref_faces,ref_verts
16.01.obj,valve_0001_lidar_classes_reconstructed.ply,ok,45.61608905002629,33.467038352706766,113.20019006745353,30.09117937556985,32077,25454,46303
16.01.obj,valve_0002_lidar_classes_reconstructed.ply,ok,40.84066806372225,29.052910466021984,122.07289721400578,25.771765707405457,35210,25454,46303
16.01.obj,valve_0003_lidar_classes_reconstructed.ply,ok,48.46829878494853,33.844035133656405,179.2648401325689,30.16997220534099,51700,25454,46303
16.01.obj,valve_0004_lidar_classes_reconstructed.ply,ok,45.09297006477655,30.020040727010258,147.57340446492378,28.053724480947295,52080,25454,46303
16.01.obj,valve_0005_lidar_classes_reconstructed.ply,ok,44.035868500054804,31.69705105342888,118.62831492149037,28.53472748106184,51819,25454,46303
16.01.obj,valve_0006_lidar_classes_reconstructed.ply,ok,42.38451031783845,29.54579954121851,133.38696534188796,26.19202532780819,35374,25454,46303
16.01.obj,valve_0007_lidar_classes_reconstructed.ply,ok,36.71453486679913,27.84686931423313,112.67701935522547,24.132974340173412,33440,25454,46303
16.01.obj,valve_0008_lidar_classes_reconstructed.ply,ok,42.89800271075059,30.62088991693028,151.68359478567135,27.17098129882848,37892,25454,46303
16.01.obj,valve_0009_lidar_classes_reconstructed.ply,ok,42.48259202987266,32.333255638210844,182.86636100223197,27.20007237674987,51918,25454,46303
16.01.obj,valve_0010_lidar_classes_reconstructed.ply,ok,44.26392684794344,29.84620671688319,147.12855488983024,27.542457367920917,40525,25454,46303
16.01.obj,valve_0011_lidar_classes_reconstructed.ply,ok,46.0199083299108,32.89949181105932,153.45506745572695,29.532251227264375,36496,25454,46303
16.01.obj,valve_0012_lidar_classes_reconstructed.ply,ok,45.30485663897732,34.19593016008268,100.53786309242473,30.850490798749973,35324,25454,46303
16.01.obj,valve_0013_lidar_classes_reconstructed.ply,ok,43.86559102409483,31.396047011633513,109.96136846837524,28.428413253486873,39271,25454,46303
16.01.obj,valve_0014_lidar_classes_reconstructed.ply,ok,44.731899731165605,32.995329802422354,131.73090773559824,29.045447669561128,43266,25454,46303
16.01.obj,valve_0015_lidar_classes_reconstructed.ply,ok,48.883870671634064,33.08678114688764,154.72988025099067,30.27673444413376,51403,25454,46303
16.01.obj,valve_0016_lidar_classes_reconstructed.ply,ok,36.55622969503824,26.89061876747302,107.22639397202902,23.400341163752607,45164,25454,46303
16.01.obj,valve_0017_lidar_classes_reconstructed.ply,ok,50.23367875544526,37.92212378983348,182.45599762774316,32.00484585322443,53831,25454,46303
16.01.obj,valve_0018_lidar_classes_reconstructed.ply,ok,44.36945032787116,32.944713655881536,113.70253451519433,29.236604962366528,30582,25454,46303
16.01.obj,valve_0019_lidar_classes_reconstructed.ply,ok,50.3786095586826,36.864809299667556,179.89727869981076,31.894476528184423,53469,25454,46303
16.01.obj,valve_0020_lidar_classes_reconstructed.ply,ok,38.3654799535453,29.29571390976911,122.04036196902797,25.28723323118619,43858,25454,46303
16.02.obj,valve_0001_lidar_classes_reconstructed.ply,ok,21.2381079284606,36.82869755254367,98.09270031481482,22.907935367278338,32077,6448,10122
16.02.obj,valve_0002_lidar_classes_reconstructed.ply,ok,23.677826784103654,35.34591667111967,110.68074152758805,21.95863541747447,35210,6448,10122
16.02.obj,valve_0003_lidar_classes_reconstructed.ply,ok,27.202759208246395,42.540501057139025,130.4295022066304,26.799158126233813,51700,6448,10122
16.02.obj,valve_0004_lidar_classes_reconstructed.ply,ok,26.89719635851294,40.75795952773025,123.14061273789302,25.956416142725857,52080,6448,10122
16.02.obj,valve_0005_lidar_classes_reconstructed.ply,ok,23.26293078173256,39.66630487620902,111.45924102558529,24.45304073457464,51819,6448,10122
16.02.obj,valve_0006_lidar_classes_reconstructed.ply,ok,25.106828487885807,36.39890869954698,117.78042523306162,22.63829334422525,35374,6448,10122
16.02.obj,valve_0007_lidar_classes_reconstructed.ply,ok,18.373307303637812,34.61624373614784,102.24821076242091,20.494100344941362,33440,6448,10122
16.02.obj,valve_0008_lidar_classes_reconstructed.ply,ok,27.148288731317734,38.07510949473682,129.81428408806303,23.752063742910472,37892,6448,10122
16.02.obj,valve_0009_lidar_classes_reconstructed.ply,ok,23.670965152386874,41.14920749588502,130.89840808329762,25.49289921898483,51918,6448,10122
16.02.obj,valve_0010_lidar_classes_reconstructed.ply,ok,23.83783942772979,35.11794234008764,120.67174316087927,22.271774550942673,40525,6448,10122
16.02.obj,valve_0011_lidar_classes_reconstructed.ply,ok,25.34679675671918,36.984589318517514,129.5535276561673,23.87095041038433,36496,6448,10122
16.02.obj,valve_0012_lidar_classes_reconstructed.ply,ok,25.089581238536347,37.03870521960216,102.0313782376604,23.58184136142637,35324,6448,10122
16.02.obj,valve_0013_lidar_classes_reconstructed.ply,ok,23.88768625457354,37.34270700570021,107.68752441252016,23.29126147703332,39271,6448,10122
16.02.obj,valve_0014_lidar_classes_reconstructed.ply,ok,25.151574151761213,39.76508046692032,116.05912513413617,24.85565288842845,43266,6448,10122
16.02.obj,valve_0015_lidar_classes_reconstructed.ply,ok,27.838656740610926,41.26377221632289,121.48755647519263,26.590812655259064,51403,6448,10122
16.02.obj,valve_0016_lidar_classes_reconstructed.ply,ok,20.57669321692599,36.390372127517324,102.84114513477292,21.829029174545674,45164,6448,10122
16.02.obj,valve_0017_lidar_classes_reconstructed.ply,ok,27.59846423377677,43.58065334457444,130.88395370250473,27.527526794673904,53831,6448,10122
16.02.obj,valve_0018_lidar_classes_reconstructed.ply,ok,21.704890407826483,37.07782051331484,97.41675450484409,23.14344912749818,30582,6448,10122
16.02.obj,valve_0019_lidar_classes_reconstructed.ply,ok,25.996910219380663,43.83892246834912,125.49396268966358,27.22757705049093,53469,6448,10122
16.02.obj,valve_0020_lidar_classes_reconstructed.ply,ok,21.962799821463232,38.4736521107965,112.60140761406382,23.136371575644553,43858,6448,10122
16.03.obj,valve_0001_lidar_classes_reconstructed.ply,ok,30.18471926892198,50.372676878319986,115.50389404087781,31.931008071000125,32077,2744,4784
16.03.obj,valve_0002_lidar_classes_reconstructed.ply,ok,28.876651605976974,48.805875299182944,129.82687939670802,29.22678290309055,35210,2744,4784
16.03.obj,valve_0003_lidar_classes_reconstructed.ply,ok,30.862780066019237,53.171252775804085,126.75565763930892,33.66625831866905,51700,2744,4784
16.03.obj,valve_0004_lidar_classes_reconstructed.ply,ok,32.02250615819472,52.14436274547175,121.00249806956259,33.80054157197972,52080,2744,4784
16.03.obj,valve_0005_lidar_classes_reconstructed.ply,ok,29.811135353304625,51.45863229587182,118.67039374454673,32.154621488205066,51819,2744,4784
16.03.obj,valve_0006_lidar_classes_reconstructed.ply,ok,29.118843110426624,49.10960231501421,126.95168680154939,29.59958246264823,35374,2744,4784
16.03.obj,valve_0007_lidar_classes_reconstructed.ply,ok,24.547539861491714,48.04034379073327,117.97454650222552,28.649114023936328,33440,2744,4784
16.03.obj,valve_0008_lidar_classes_reconstructed.ply,ok,30.354683216237095,49.11334617744634,128.56834291757704,30.333820166018214,37892,2744,4784
16.03.obj,valve_0009_lidar_classes_reconstructed.ply,ok,29.317467775060873,52.17108560056439,124.9440585279126,32.632624290459724,51918,2744,4784
16.03.obj,valve_0010_lidar_classes_reconstructed.ply,ok,27.710780370971463,47.20921756619307,120.98050050507061,29.088678118214638,40525,2744,4784
16.03.obj,valve_0011_lidar_classes_reconstructed.ply,ok,28.771480272493786,49.59320718829338,119.02047350376328,30.718789927206625,36496,2744,4784
16.03.obj,valve_0012_lidar_classes_reconstructed.ply,ok,33.865440029050305,50.82659196339375,115.69826700762702,32.61200054170013,35324,2744,4784
16.03.obj,valve_0013_lidar_classes_reconstructed.ply,ok,30.677615122922084,49.753386964505566,114.37853025226663,31.629679711956946,39271,2744,4784
16.03.obj,valve_0014_lidar_classes_reconstructed.ply,ok,31.651819665099275,52.65427084509735,124.06494891371183,33.13056076407587,43266,2744,4784
16.03.obj,valve_0015_lidar_classes_reconstructed.ply,ok,30.60392597257205,51.41905550385565,124.84289057181624,32.93684265846959,51403,2744,4784
16.03.obj,valve_0016_lidar_classes_reconstructed.ply,ok,28.341404077796618,48.59014792645698,120.08296716955961,30.01223944860541,45164,2744,4784
16.03.obj,valve_0017_lidar_classes_reconstructed.ply,ok,32.1154839099433,54.65816116971706,137.02682809007163,35.087483012661345,53831,2744,4784
16.03.obj,valve_0018_lidar_classes_reconstructed.ply,ok,29.393548757183574,49.7275033820861,115.22150961228202,31.10190986527156,30582,2744,4784
16.03.obj,valve_0019_lidar_classes_reconstructed.ply,ok,30.549733872776972,54.42788477460932,129.99099034942483,34.33756878274164,53469,2744,4784
16.03.obj,valve_0020_lidar_classes_reconstructed.ply,ok,28.41786166821017,50.02033442797028,128.93333475752334,30.651423138815932,43858,2744,4784
16.04.obj,valve_0001_lidar_classes_reconstructed.ply,ok,49.194460759004365,35.19272053544228,122.710730188657,34.137565334341865,32077,3980,5243
16.04.obj,valve_0002_lidar_classes_reconstructed.ply,ok,69.39517946633873,40.96817680676023,206.4361086832318,44.39978084892708,35210,3980,5243
16.04.obj,valve_0003_lidar_classes_reconstructed.ply,ok,70.86718767970137,52.86298193749603,209.96702775977587,48.956502748954236,51700,3980,5243
16.04.obj,valve_0004_lidar_classes_reconstructed.ply,ok,75.18571585413683,46.895627033231705,212.49977988077217,47.74038057105872,52080,3980,5243
16.04.obj,valve_0005_lidar_classes_reconstructed.ply,ok,54.768542461754414,44.93043488464131,123.243910558941,40.40814749414368,51819,3980,5243
16.04.obj,valve_0006_lidar_classes_reconstructed.ply,ok,71.54626255810443,41.18167680588951,215.18664523205518,45.56560775060613,35374,3980,5243
16.04.obj,valve_0007_lidar_classes_reconstructed.ply,ok,52.26403268885328,39.357969797685456,114.98033324529682,37.79351248865679,33440,3980,5243
16.04.obj,valve_0008_lidar_classes_reconstructed.ply,ok,69.32382051400693,41.757289117866456,224.40605650036562,43.8340037726765,37892,3980,5243
16.04.obj,valve_0009_lidar_classes_reconstructed.ply,ok,62.86744600740761,50.08468076913953,206.74356302037606,44.807202450249974,51918,3980,5243
16.04.obj,valve_0010_lidar_classes_reconstructed.ply,ok,53.110442529748234,46.133643516675775,131.19828012773047,39.77910297307487,40525,3980,5243
16.04.obj,valve_0011_lidar_classes_reconstructed.ply,ok,55.13348460608469,45.631288586500915,142.21529225935583,40.68254079700885,36496,3980,5243
16.04.obj,valve_0012_lidar_classes_reconstructed.ply,ok,81.98161499890875,42.80356645518873,186.18325731283423,48.97756622327716,35324,3980,5243
16.04.obj,valve_0013_lidar_classes_reconstructed.ply,ok,51.596581155400216,41.871224434790115,124.21593780469095,37.71510798022079,39271,3980,5243
16.04.obj,valve_0014_lidar_classes_reconstructed.ply,ok,55.305220429731584,47.0115452235873,126.31247911474354,41.15839527581732,43266,3980,5243
16.04.obj,valve_0015_lidar_classes_reconstructed.ply,ok,60.12128743750008,50.1290921134132,142.0663103376142,44.14988355355442,51403,3980,5243
16.04.obj,valve_0016_lidar_classes_reconstructed.ply,ok,51.14247297450162,36.95572307113808,117.28163445266806,36.43771299554949,45164,3980,5243
16.04.obj,valve_0017_lidar_classes_reconstructed.ply,ok,69.75981658214799,55.60127450290544,200.574036029854,49.935668263772584,53831,3980,5243
16.04.obj,valve_0018_lidar_classes_reconstructed.ply,ok,48.131061726992,30.78842491496368,120.92746118132253,32.52298469411167,30582,3980,5243
16.04.obj,valve_0019_lidar_classes_reconstructed.ply,ok,67.64467026135917,53.8388867249352,190.68062835563762,48.711753124620685,53469,3980,5243
16.04.obj,valve_0020_lidar_classes_reconstructed.ply,ok,53.485375528536814,44.007822535487485,115.53569284779421,40.312092384785025,43858,3980,5243
16.05.obj,valve_0001_lidar_classes_reconstructed.ply,ok,35.185585926618316,49.54912000512602,111.92338197838133,34.94721698919317,32077,2904,3930
16.05.obj,valve_0002_lidar_classes_reconstructed.ply,ok,34.03602700305588,46.81244846409571,110.31714121940634,32.65950569588846,35210,2904,3930
16.05.obj,valve_0003_lidar_classes_reconstructed.ply,ok,34.464348615670595,54.93906121158923,137.77266066629247,36.588494851606704,51700,2904,3930
16.05.obj,valve_0004_lidar_classes_reconstructed.ply,ok,36.392820802324955,51.78496170213766,129.82178396389796,35.77229036799984,52080,2904,3930
16.05.obj,valve_0005_lidar_classes_reconstructed.ply,ok,34.641614733020475,50.62164696543842,105.34552603189911,35.313483695313046,51819,2904,3930
16.05.obj,valve_0006_lidar_classes_reconstructed.ply,ok,34.91514069175369,47.52937656641832,110.72144662803096,32.861327495944494,35374,2904,3930
16.05.obj,valve_0007_lidar_classes_reconstructed.ply,ok,30.171627214278494,45.90236887017255,113.08109505349796,30.607937730826244,33440,2904,3930
16.05.obj,valve_0008_lidar_classes_reconstructed.ply,ok,33.36207991670297,46.23945039657981,114.7017475287601,30.89478029665247,37892,2904,3930
16.05.obj,valve_0009_lidar_classes_reconstructed.ply,ok,31.542559402277906,52.84446183696402,131.44966582437343,34.33642490757673,51918,2904,3930
16.05.obj,valve_0010_lidar_classes_reconstructed.ply,ok,34.99702175240308,46.93500061508322,128.14588003255136,32.81470794447349,40525,2904,3930
16.05.obj,valve_0011_lidar_classes_reconstructed.ply,ok,35.526877175279864,49.59162598409149,131.40805864595765,34.23461348008667,36496,2904,3930
16.05.obj,valve_0012_lidar_classes_reconstructed.ply,ok,36.299451910303276,48.32626666800489,113.28147310112097,35.181554905466555,35324,2904,3930
16.05.obj,valve_0013_lidar_classes_reconstructed.ply,ok,34.85374088022694,48.74029467874242,108.33595298271044,34.408114820472825,39271,2904,3930
16.05.obj,valve_0014_lidar_classes_reconstructed.ply,ok,35.23246409071937,50.43367538454969,108.49910660360283,35.525251529899876,43266,2904,3930
16.05.obj,valve_0015_lidar_classes_reconstructed.ply,ok,34.513958449047685,50.85648703291577,106.89183480712371,35.46501154967935,51403,2904,3930
16.05.obj,valve_0016_lidar_classes_reconstructed.ply,ok,30.475777123901096,48.330545015908484,112.11209304012638,32.226765275442446,45164,2904,3930
16.05.obj,valve_0017_lidar_classes_reconstructed.ply,ok,34.77985588338349,55.89479111384527,131.78134050724785,37.41143867833355,53831,2904,3930
16.05.obj,valve_0018_lidar_classes_reconstructed.ply,ok,35.7318930641975,49.52943370552557,114.52960549800888,35.42875294681788,30582,2904,3930
16.05.obj,valve_0019_lidar_classes_reconstructed.ply,ok,34.15195970067846,55.111216302014824,129.3820829042073,36.537251084784224,53469,2904,3930
16.05.obj,valve_0020_lidar_classes_reconstructed.ply,ok,31.281847314173714,49.21454063585782,107.34534186832,33.06857794122169,43858,2904,3930
16.06.obj,valve_0001_lidar_classes_reconstructed.ply,ok,53.50947424113011,70.36668751851387,119.3131312027416,56.222235476671074,32077,18656,36316
16.06.obj,valve_0002_lidar_classes_reconstructed.ply,ok,52.786750995847726,73.69281492009152,119.55660216480348,57.88518091777276,35210,18656,36316
16.06.obj,valve_0003_lidar_classes_reconstructed.ply,ok,55.75744151653316,77.23247964748148,133.02108590104754,61.276736515433704,51700,18656,36316
16.06.obj,valve_0004_lidar_classes_reconstructed.ply,ok,52.33125627327451,73.47147723807142,129.5384955687335,57.58720870173185,52080,18656,36316
16.06.obj,valve_0005_lidar_classes_reconstructed.ply,ok,54.30502014453206,73.6804985283646,125.38633906078735,58.98636270456768,51819,18656,36316
16.06.obj,valve_0006_lidar_classes_reconstructed.ply,ok,52.303624552692455,74.03691938125391,120.54900966887898,57.68399683885076,35374,18656,36316
16.06.obj,valve_0007_lidar_classes_reconstructed.ply,ok,53.51344913334216,70.47691539208265,112.44271638268073,56.960569366548924,33440,18656,36316
16.06.obj,valve_0008_lidar_classes_reconstructed.ply,ok,51.717712627581655,73.85034780283866,118.17978698553642,57.90792333327638,37892,18656,36316
16.06.obj,valve_0009_lidar_classes_reconstructed.ply,ok,57.120458365758225,78.08086917074391,125.24199535002386,62.56315971215654,51918,18656,36316
16.06.obj,valve_0010_lidar_classes_reconstructed.ply,ok,52.184979114063886,69.18172034003896,117.60636846056472,55.150399268360374,40525,18656,36316
16.06.obj,valve_0011_lidar_classes_reconstructed.ply,ok,52.95702178085727,70.90248761303424,118.80597055740203,56.357407885846335,36496,18656,36316
16.06.obj,valve_0012_lidar_classes_reconstructed.ply,ok,56.742099594818214,73.08849574225803,130.32770653742992,59.07132627531621,35324,18656,36316
16.06.obj,valve_0013_lidar_classes_reconstructed.ply,ok,53.14289702596796,70.65254492606225,117.19881072318793,56.74954451897004,39271,18656,36316
16.06.obj,valve_0014_lidar_classes_reconstructed.ply,ok,56.14658075711466,75.76441766803556,127.1299664539124,60.630060217060674,43266,18656,36316
16.06.obj,valve_0015_lidar_classes_reconstructed.ply,ok,53.62311673053409,72.96925444725518,126.52082513045478,58.15801079591161,51403,18656,36316
16.06.obj,valve_0016_lidar_classes_reconstructed.ply,ok,55.7027370178756,73.48390610433212,114.25148072075974,59.68124210199211,45164,18656,36316
16.06.obj,valve_0017_lidar_classes_reconstructed.ply,ok,56.89726445056222,78.15017299464417,134.4088307941923,62.50687243077525,53831,18656,36316
16.06.obj,valve_0018_lidar_classes_reconstructed.ply,ok,53.795600509029796,70.69491737755968,119.93745542666421,56.39106409904427,30582,18656,36316
16.06.obj,valve_0019_lidar_classes_reconstructed.ply,ok,56.89462126609484,78.29389023692887,131.09751393914712,62.62202380776388,53469,18656,36316
16.06.obj,valve_0020_lidar_classes_reconstructed.ply,ok,56.85253470208194,74.84959352179345,118.30841442352352,61.08292528634979,43858,18656,36316
16.07.obj,valve_0001_lidar_classes_reconstructed.ply,ok,65.60067130756279,75.12363748455938,135.2764063953083,62.58286882078791,32077,2522,4042
16.07.obj,valve_0002_lidar_classes_reconstructed.ply,ok,74.23769186167866,78.49586275837521,141.358856631719,70.086213134577,35210,2522,4042
16.07.obj,valve_0003_lidar_classes_reconstructed.ply,ok,71.8247016904649,80.28225431444794,150.32274767820934,68.86280078252669,51700,2522,4042
16.07.obj,valve_0004_lidar_classes_reconstructed.ply,ok,70.99910551258985,77.21655900788635,145.64434914293557,67.50414014255617,52080,2522,4042
16.07.obj,valve_0005_lidar_classes_reconstructed.ply,ok,69.27018731144528,76.51164072462153,136.3520399645701,65.62389680210416,51819,2522,4042
16.07.obj,valve_0006_lidar_classes_reconstructed.ply,ok,72.77440727704546,78.85888343238575,140.28286939038844,69.26336239578302,35374,2522,4042
16.07.obj,valve_0007_lidar_classes_reconstructed.ply,ok,70.44915366611548,72.91885749880021,125.75941040795286,64.5687918333405,33440,2522,4042
16.07.obj,valve_0008_lidar_classes_reconstructed.ply,ok,71.61543954384277,78.11231777206486,130.86549220007566,68.90014926952429,37892,2522,4042
16.07.obj,valve_0009_lidar_classes_reconstructed.ply,ok,75.51090059201695,82.01750873820406,149.18348026899108,71.7480621061768,51918,2522,4042
16.07.obj,valve_0010_lidar_classes_reconstructed.ply,ok,65.15452196008768,71.87259354499415,130.69011875465182,61.04653032564909,40525,2522,4042
16.07.obj,valve_0011_lidar_classes_reconstructed.ply,ok,65.85930692445105,73.01109993904343,132.61664058161068,61.98415861410113,36496,2522,4042
16.07.obj,valve_0012_lidar_classes_reconstructed.ply,ok,76.98876685196632,78.19739233652314,154.82634211389274,70.65889725525028,35324,2522,4042
16.07.obj,valve_0013_lidar_classes_reconstructed.ply,ok,65.41394053621069,74.78496688042364,136.26758408340623,62.72236924491716,39271,2522,4042
16.07.obj,valve_0014_lidar_classes_reconstructed.ply,ok,69.44183167590411,77.5934457674732,140.56858155280298,66.1792998793963,43266,2522,4042
16.07.obj,valve_0015_lidar_classes_reconstructed.ply,ok,64.42742417932351,74.28018278918833,133.67193421796472,62.42047965843729,51403,2522,4042
16.07.obj,valve_0016_lidar_classes_reconstructed.ply,ok,71.28684995242998,76.95879549884307,130.7462870978999,67.32393255260995,45164,2522,4042
16.07.obj,valve_0017_lidar_classes_reconstructed.ply,ok,71.66363450411914,80.14615211305527,148.80701279302934,68.84626179735497,53831,2522,4042
16.07.obj,valve_0018_lidar_classes_reconstructed.ply,ok,65.68452667330808,75.75369250157412,134.64357419578016,63.198713277354834,30582,2522,4042
16.07.obj,valve_0019_lidar_classes_reconstructed.ply,ok,72.10928454236404,79.52137141107119,148.78511626970123,68.48887793108528,53469,2522,4042
16.07.obj,valve_0020_lidar_classes_reconstructed.ply,ok,72.48671095475132,78.82891228543184,137.2733834813451,68.5895273064958,43858,2522,4042
16.08.obj,valve_0001_lidar_classes_reconstructed.ply,ok,69.29998898264442,76.19433971945647,155.27505808414395,65.96747347626511,32077,2522,4042
16.08.obj,valve_0002_lidar_classes_reconstructed.ply,ok,68.057617876797,76.06967322183435,127.19625719759985,64.43388748032388,35210,2522,4042
16.08.obj,valve_0003_lidar_classes_reconstructed.ply,ok,69.8510942026927,78.37775132336003,141.93914878412494,66.62444773742988,51700,2522,4042
16.08.obj,valve_0004_lidar_classes_reconstructed.ply,ok,67.12165524624997,74.39344611180084,133.77889597332242,63.19491367435721,52080,2522,4042
16.08.obj,valve_0005_lidar_classes_reconstructed.ply,ok,74.65343181781594,78.6343473629521,153.15350166202447,69.42182443800473,51819,2522,4042
16.08.obj,valve_0006_lidar_classes_reconstructed.ply,ok,69.30325706587739,77.25581417499917,128.0411795224449,65.40345829473586,35374,2522,4042
16.08.obj,valve_0007_lidar_classes_reconstructed.ply,ok,68.60461931791531,74.50087441616984,139.85416973968944,65.08833660490683,33440,2522,4042
16.08.obj,valve_0008_lidar_classes_reconstructed.ply,ok,69.02976709907301,75.5690333708664,134.99574449983947,64.99073719290833,37892,2522,4042
16.08.obj,valve_0009_lidar_classes_reconstructed.ply,ok,73.56460403583371,78.49081259815092,148.6683746294567,68.53338929453538,51918,2522,4042
16.08.obj,valve_0010_lidar_classes_reconstructed.ply,ok,67.86936495139305,73.4779919336472,146.70216159849846,63.903279349906654,40525,2522,4042
16.08.obj,valve_0011_lidar_classes_reconstructed.ply,ok,67.53601251028367,75.46855055653965,150.52625149666125,64.32322098225038,36496,2522,4042
16.08.obj,valve_0012_lidar_classes_reconstructed.ply,ok,64.88996202513952,76.31470045001979,125.01163286199744,63.84400412695841,35324,2522,4042
16.08.obj,valve_0013_lidar_classes_reconstructed.ply,ok,71.81895946421628,76.42989944557463,150.13696103056608,67.39786964663284,39271,2522,4042
16.08.obj,valve_0014_lidar_classes_reconstructed.ply,ok,74.86094154067868,80.41697343236898,155.98761045030497,70.31929412268312,43266,2522,4042
16.08.obj,valve_0015_lidar_classes_reconstructed.ply,ok,70.69842738225604,76.53070241151156,146.64981454986278,66.12659317330947,51403,2522,4042
16.08.obj,valve_0016_lidar_classes_reconstructed.ply,ok,74.01132170683191,78.37998196523486,151.26038783469386,69.58437161274489,45164,2522,4042
16.08.obj,valve_0017_lidar_classes_reconstructed.ply,ok,70.6013513880981,79.50694044503575,145.3567949712167,67.5119472266313,53831,2522,4042
16.08.obj,valve_0018_lidar_classes_reconstructed.ply,ok,70.49939090648289,76.57241379155775,153.86382973245003,66.69755380168698,30582,2522,4042
16.08.obj,valve_0019_lidar_classes_reconstructed.ply,ok,72.57737920211075,78.59438637827846,149.74229701234887,67.71477387717633,53469,2522,4042
16.08.obj,valve_0020_lidar_classes_reconstructed.ply,ok,73.84672600099805,80.16146681083363,147.42808350404815,69.91494258688573,43858,2522,4042
16.09.obj,valve_0001_lidar_classes_reconstructed.ply,ok,53.11585318646835,71.30461865004364,119.26920373601226,56.78070300141768,32077,18658,36317
16.09.obj,valve_0002_lidar_classes_reconstructed.ply,ok,51.815103989313826,73.19714737897168,112.30925942759507,57.44481208070804,35210,18658,36317
16.09.obj,valve_0003_lidar_classes_reconstructed.ply,ok,53.85667189385858,77.35194256021032,137.66916143022868,59.547488483496714,51700,18658,36317
16.09.obj,valve_0004_lidar_classes_reconstructed.ply,ok,51.37623304081987,72.53624889763415,133.51426889008013,56.12078819580164,52080,18658,36317
16.09.obj,valve_0005_lidar_classes_reconstructed.ply,ok,52.06472994286976,73.6911073181034,122.87842372545539,56.98716003905602,51819,18658,36317
16.09.obj,valve_0006_lidar_classes_reconstructed.ply,ok,52.52684609014999,73.44559528183201,113.66825039182186,57.6811866111224,35374,18658,36317
16.09.obj,valve_0007_lidar_classes_reconstructed.ply,ok,50.36494762466001,69.15506384114074,110.71288314175956,54.57473218531679,33440,18658,36317
16.09.obj,valve_0008_lidar_classes_reconstructed.ply,ok,52.52196311541013,74.32153277251383,119.7098908420287,58.727456734071325,37892,18658,36317
16.09.obj,valve_0009_lidar_classes_reconstructed.ply,ok,55.8006513542169,77.69169260497948,134.75668147911253,60.697312057597586,51918,18658,36317
16.09.obj,valve_0010_lidar_classes_reconstructed.ply,ok,51.17560362391695,69.37259582270245,116.04581408770461,54.860304202252095,40525,18658,36317
16.09.obj,valve_0011_lidar_classes_reconstructed.ply,ok,50.078616851979476,70.81594029365637,118.5099890637404,54.873435910408816,36496,18658,36317
16.09.obj,valve_0012_lidar_classes_reconstructed.ply,ok,53.365450575683525,72.51478417780991,119.19947874571605,56.99921730035041,35324,18658,36317
16.09.obj,valve_0013_lidar_classes_reconstructed.ply,ok,53.61902888760815,71.04831315633339,121.44664042658047,56.481469962773765,39271,18658,36317
16.09.obj,valve_0014_lidar_classes_reconstructed.ply,ok,53.96783791690317,74.63858348896997,127.1476230236623,58.12563756841246,43266,18658,36317
16.09.obj,valve_0015_lidar_classes_reconstructed.ply,ok,51.59500368837747,72.44392003822345,131.0376287539046,55.78075220963888,51403,18658,36317
16.09.obj,valve_0016_lidar_classes_reconstructed.ply,ok,54.8798640156549,73.82036169074321,128.73571126846826,59.140226541251394,45164,18658,36317
16.09.obj,valve_0017_lidar_classes_reconstructed.ply,ok,55.05913561971455,77.98825080182506,140.46808412912216,60.29336899352455,53831,18658,36317
16.09.obj,valve_0018_lidar_classes_reconstructed.ply,ok,53.40451580087156,70.75426864746308,119.45308551182858,56.50045990018613,30582,18658,36317
16.09.obj,valve_0019_lidar_classes_reconstructed.ply,ok,54.706035165451425,77.298249292589,139.0360072505876,59.84555561903165,53469,18658,36317
16.09.obj,valve_0020_lidar_classes_reconstructed.ply,ok,55.2769154557577,75.37542307115174,124.56403101530991,59.70031113868738,43858,18658,36317
16.10.obj,valve_0001_lidar_classes_reconstructed.ply,ok,27.592181330120713,51.285743365064604,102.64268137351222,34.65210051874661,32077,104294,202777
16.10.obj,valve_0002_lidar_classes_reconstructed.ply,ok,27.778712162896532,51.94081205469024,95.78975998521389,36.21282571108574,35210,104294,202777
16.10.obj,valve_0003_lidar_classes_reconstructed.ply,ok,36.52974079292784,60.02012524535786,120.89670193344053,41.908106209424496,51700,104294,202777
16.10.obj,valve_0004_lidar_classes_reconstructed.ply,ok,31.543835572972206,56.03817026142214,118.76242574464598,37.85592105244237,52080,104294,202777
16.10.obj,valve_0005_lidar_classes_reconstructed.ply,ok,29.577909628635815,54.526912832660976,108.58566011149483,37.20784290059058,51819,104294,202777
16.10.obj,valve_0006_lidar_classes_reconstructed.ply,ok,29.541831102851976,52.456693715982105,98.6886663131022,36.816257317279046,35374,104294,202777
16.10.obj,valve_0007_lidar_classes_reconstructed.ply,ok,25.779187742428668,48.98554274061343,93.30286714368404,33.74562053123613,33440,104294,202777
16.10.obj,valve_0008_lidar_classes_reconstructed.ply,ok,31.232891066572673,53.44533560443087,106.29855262515339,37.80672233853603,37892,104294,202777
16.10.obj,valve_0009_lidar_classes_reconstructed.ply,ok,34.47876556714776,59.42998383017906,122.33694132936665,41.82495704235852,51918,104294,202777
16.10.obj,valve_0010_lidar_classes_reconstructed.ply,ok,29.801277443275207,51.01332087991073,100.43445240789485,35.4655046610613,40525,104294,202777
16.10.obj,valve_0011_lidar_classes_reconstructed.ply,ok,31.558752939075166,53.14376630834503,104.02593335196293,37.41301573508215,36496,104294,202777
16.10.obj,valve_0012_lidar_classes_reconstructed.ply,ok,27.48731582013812,50.95598490641458,103.01497335807963,34.28626613524865,35324,104294,202777
16.10.obj,valve_0013_lidar_classes_reconstructed.ply,ok,29.096230855411097,51.42356644444591,103.64573030935276,35.27876025840438,39271,104294,202777
16.10.obj,valve_0014_lidar_classes_reconstructed.ply,ok,31.966212695883357,56.076340533492115,110.29072993253135,39.15435922348981,43266,104294,202777
16.10.obj,valve_0015_lidar_classes_reconstructed.ply,ok,32.02193618227918,56.32930885261087,115.21768806818281,38.36197096485525,51403,104294,202777
16.10.obj,valve_0016_lidar_classes_reconstructed.ply,ok,28.00294692423378,52.187259066704534,99.8488341471425,36.172059116385796,45164,104294,202777
16.10.obj,valve_0017_lidar_classes_reconstructed.ply,ok,37.32425805231349,62.68311276028047,128.18921230737715,43.419299172013396,53831,104294,202777
16.10.obj,valve_0018_lidar_classes_reconstructed.ply,ok,27.95776749127689,51.16583397072363,102.01823382864032,34.749522218357015,30582,104294,202777
16.10.obj,valve_0019_lidar_classes_reconstructed.ply,ok,36.73624706275101,61.46386321699011,124.43276804017925,42.592689746459335,53469,104294,202777
16.10.obj,valve_0020_lidar_classes_reconstructed.ply,ok,29.638985543019118,54.57028717711384,104.13247008926271,37.93266501737092,43858,104294,202777
16.obj,valve_0001_lidar_classes_reconstructed.ply,ok,15.891513570825898,17.26614961354214,76.92822138943949,12.492974851354088,32077,188182,353876
16.obj,valve_0002_lidar_classes_reconstructed.ply,ok,33.8441363798035,30.749447148628185,160.97409164255268,15.78072434340224,35210,188182,353876
16.obj,valve_0003_lidar_classes_reconstructed.ply,ok,43.119256579237266,37.33226813316665,206.05383040429288,21.396140547495982,51700,188182,353876
16.obj,valve_0004_lidar_classes_reconstructed.ply,ok,45.07091695601396,35.3471103020218,181.72575384065732,23.215362226145515,52080,188182,353876
16.obj,valve_0005_lidar_classes_reconstructed.ply,ok,24.607693263654948,24.912310593529494,125.27335856220864,15.795082121792182,51819,188182,353876
16.obj,valve_0006_lidar_classes_reconstructed.ply,ok,39.24604213155838,30.75096330125506,173.33865825372638,17.903626942332295,35374,188182,353876
16.obj,valve_0007_lidar_classes_reconstructed.ply,ok,11.287021778457682,18.566526614769067,87.35280818409136,9.887685589971007,33440,188182,353876
16.obj,valve_0008_lidar_classes_reconstructed.ply,ok,41.766713416890944,32.28931231935414,187.420473071385,19.216843058943727,37892,188182,353876
16.obj,valve_0009_lidar_classes_reconstructed.ply,ok,35.410836673743006,36.204158490624486,204.37899001544963,18.54299511125327,51918,188182,353876
16.obj,valve_0010_lidar_classes_reconstructed.ply,ok,28.470352399278134,30.49192024405135,152.8648888165363,15.990090925560132,40525,188182,353876
16.obj,valve_0011_lidar_classes_reconstructed.ply,ok,32.28495637723373,30.255031780800454,158.82896808179615,17.329314773690264,36496,188182,353876
16.obj,valve_0012_lidar_classes_reconstructed.ply,ok,39.22430674877012,32.77699831045999,137.88390092107298,20.283255361120325,35324,188182,353876
16.obj,valve_0013_lidar_classes_reconstructed.ply,ok,20.85379099280592,20.787449144101817,105.65252724691898,13.7388262378954,39271,188182,353876
16.obj,valve_0014_lidar_classes_reconstructed.ply,ok,29.6822818500812,29.006485798571614,147.79064702305735,16.621498330659797,43266,188182,353876
16.obj,valve_0015_lidar_classes_reconstructed.ply,ok,40.58472655162546,35.36696744111829,168.93672845761304,22.186177781094067,51403,188182,353876
16.obj,valve_0016_lidar_classes_reconstructed.ply,ok,9.651763094339033,14.020766984805544,73.20768876891933,7.998142958926388,45164,188182,353876
16.obj,valve_0017_lidar_classes_reconstructed.ply,ok,47.27334017566682,41.015936529701406,205.0973098584112,24.670401390766656,53831,188182,353876
16.obj,valve_0018_lidar_classes_reconstructed.ply,ok,11.923110688825394,14.896176359059604,59.47390012699932,10.649623626672208,30582,188182,353876
16.obj,valve_0019_lidar_classes_reconstructed.ply,ok,44.94131138079668,38.04759060245091,203.5826262934302,22.623870195260572,53469,188182,353876
16.obj,valve_0020_lidar_classes_reconstructed.ply,ok,17.950186340506196,22.888791105797747,119.97400846345268,11.567323546281408,43858,188182,353876
