file,status,n_points,n_segments,n_success,n_failed,total_faces,total_verts,geo_class,methods
valve_0001_lidar_classes.ply,ok,6757,9,9,0,32077,16750,complex,"['poisson', 'ball_pivoting']"
valve_0002_lidar_classes.ply,ok,7022,8,8,0,35210,18435,complex,"['poisson', 'ball_pivoting']"
valve_0003_lidar_classes.ply,ok,7650,10,10,0,51700,27022,complex,"['poisson', 'ball_pivoting']"
valve_0004_lidar_classes.ply,ok,7126,10,10,0,52080,27275,complex,"['poisson', 'ball_pivoting']"
valve_0005_lidar_classes.ply,ok,7028,10,10,0,51819,27170,complex,"['poisson', 'ball_pivoting']"
valve_0006_lidar_classes.ply,ok,7256,8,8,0,35374,18529,complex,"['poisson', 'ball_pivoting']"
valve_0007_lidar_classes.ply,ok,7057,9,9,0,33440,17617,complex,"['poisson', 'ball_pivoting']"
valve_0008_lidar_classes.ply,ok,7308,9,9,0,37892,19854,complex,"['poisson', 'ball_pivoting']"
valve_0009_lidar_classes.ply,ok,7997,10,10,0,51918,27177,complex,"['poisson', 'ball_pivoting']"
valve_0010_lidar_classes.ply,ok,7393,10,10,0,40525,21197,complex,"['poisson', 'ball_pivoting']"
valve_0011_lidar_classes.ply,ok,7213,9,9,0,36496,19200,complex,"['poisson', 'ball_pivoting']"
valve_0012_lidar_classes.ply,ok,6399,8,8,0,35324,18461,complex,"['poisson', 'ball_pivoting']"
valve_0013_lidar_classes.ply,ok,6989,10,10,0,39271,20592,complex,"['poisson', 'ball_pivoting']"
valve_0014_lidar_classes.ply,ok,7018,10,10,0,43266,22663,complex,"['poisson', 'ball_pivoting']"
valve_0015_lidar_classes.ply,ok,7505,10,10,0,51403,26892,complex,"['poisson', 'ball_pivoting']"
valve_0016_lidar_classes.ply,ok,6824,10,10,0,45164,23632,complex,"['poisson', 'ball_pivoting']"
valve_0017_lidar_classes.ply,ok,8046,10,10,0,53831,28149,complex,"['poisson', 'ball_pivoting']"
valve_0018_lidar_classes.ply,ok,6428,9,9,0,30582,16001,complex,"['poisson', 'ball_pivoting']"
valve_0019_lidar_classes.ply,ok,8650,10,10,0,53469,27975,complex,"['poisson', 'ball_pivoting']"
valve_0020_lidar_classes.ply,ok,6943,10,10,0,43858,23019,complex,"['poisson', 'ball_pivoting']"
valve_0021_lidar_classes.ply,ok,7867,10,10,0,51639,27088,complex,"['poisson', 'ball_pivoting']"
valve_0022_lidar_classes.ply,ok,7541,10,10,0,55263,28972,complex,"['poisson', 'ball_pivoting']"
valve_0023_lidar_classes.ply,ok,8662,10,10,0,54985,28775,complex,"['poisson', 'ball_pivoting']"
valve_0024_lidar_classes.ply,ok,6905,8,8,0,33608,17602,complex,"['poisson', 'ball_pivoting']"
valve_0025_lidar_classes.ply,ok,7871,10,10,0,43327,22733,complex,"['poisson', 'ball_pivoting']"
valve_0026_lidar_classes.ply,ok,7496,10,10,0,42792,22485,complex,"['poisson', 'ball_pivoting']"
valve_0027_lidar_classes.ply,ok,7396,9,9,0,39916,20925,complex,"['poisson', 'ball_pivoting']"
valve_0028_lidar_classes.ply,ok,8258,10,10,0,50635,26454,complex,"['poisson', 'ball_pivoting']"
valve_0029_lidar_classes.ply,ok,7713,8,8,0,42562,22350,complex,"['poisson', 'ball_pivoting']"
valve_0030_lidar_classes.ply,ok,7422,10,10,0,54038,28263,complex,"['poisson', 'ball_pivoting']"
valve_0031_lidar_classes.ply,ok,7331,10,10,0,51930,27181,complex,"['poisson', 'ball_pivoting']"
valve_0032_lidar_classes.ply,ok,7347,10,10,0,51393,26884,complex,"['poisson', 'ball_pivoting']"
valve_0033_lidar_classes.ply,ok,7780,10,10,0,50023,26248,complex,"['poisson', 'ball_pivoting']"
valve_0034_lidar_classes.ply,ok,8432,10,10,0,49624,25906,complex,"['poisson', 'ball_pivoting']"
valve_0035_lidar_classes.ply,ok,6498,10,10,0,34114,17877,complex,"['poisson', 'ball_pivoting']"
valve_0036_lidar_classes.ply,ok,7499,10,10,0,42558,22371,complex,"['poisson', 'ball_pivoting']"
valve_0037_lidar_classes.ply,ok,6454,8,8,0,36809,19216,complex,"['poisson', 'ball_pivoting']"
valve_0038_lidar_classes.ply,ok,8131,10,10,0,44690,23430,complex,"['poisson', 'ball_pivoting']"
valve_0039_lidar_classes.ply,ok,7168,9,9,0,40099,21070,complex,"['poisson', 'ball_pivoting']"
valve_0040_lidar_classes.ply,ok,7182,10,10,0,44455,23334,complex,"['poisson', 'ball_pivoting']"
valve_0041_lidar_classes.ply,ok,7437,8,8,0,34807,18239,complex,"['poisson', 'ball_pivoting']"
valve_0042_lidar_classes.ply,ok,7321,10,10,0,46318,24196,complex,"['poisson', 'ball_pivoting']"
valve_0043_lidar_classes.ply,ok,8213,10,10,0,43396,22685,complex,"['poisson', 'ball_pivoting']"
valve_0044_lidar_classes.ply,ok,7488,10,10,0,43143,22653,complex,"['poisson', 'ball_pivoting']"
valve_0045_lidar_classes.ply,ok,6851,9,9,0,34995,18410,complex,"['poisson', 'ball_pivoting']"
valve_0046_lidar_classes.ply,ok,7791,10,10,0,52773,27594,complex,"['poisson', 'ball_pivoting']"
valve_0047_lidar_classes.ply,ok,7043,10,10,0,41362,21579,complex,"['poisson', 'ball_pivoting']"
valve_0048_lidar_classes.ply,ok,7521,10,10,0,54244,28424,complex,"['poisson', 'ball_pivoting']"
valve_0049_lidar_classes.ply,ok,6610,9,9,0,29730,15559,complex,"['poisson', 'ball_pivoting']"
valve_0050_lidar_classes.ply,ok,6705,9,9,0,39537,20713,complex,"['poisson', 'ball_pivoting']"
valve_0051_lidar_classes.ply,ok,7059,9,9,0,41785,21899,complex,"['poisson', 'ball_pivoting']"
valve_0052_lidar_classes.ply,ok,6930,10,10,0,44593,23382,complex,"['poisson', 'ball_pivoting']"
valve_0053_lidar_classes.ply,ok,8061,10,10,0,50620,26519,complex,"['poisson', 'ball_pivoting']"
valve_0054_lidar_classes.ply,ok,7188,9,9,0,39739,20862,complex,"['poisson', 'ball_pivoting']"
valve_0055_lidar_classes.ply,ok,7025,10,10,0,43785,23093,complex,"['poisson', 'ball_pivoting']"
valve_0056_lidar_classes.ply,ok,8154,10,10,0,44149,23216,complex,"['poisson', 'ball_pivoting']"
valve_0057_lidar_classes.ply,ok,6590,8,8,0,32723,17105,complex,"['poisson', 'ball_pivoting']"
valve_0058_lidar_classes.ply,ok,6369,8,8,0,35457,18537,complex,"['poisson', 'ball_pivoting']"
valve_0059_lidar_classes.ply,ok,7230,10,10,0,46531,24336,complex,"['poisson', 'ball_pivoting']"
valve_0060_lidar_classes.ply,ok,6790,9,9,0,39315,20542,complex,"['poisson', 'ball_pivoting']"
valve_0061_lidar_classes.ply,ok,7632,10,10,0,51172,26807,complex,"['poisson', 'ball_pivoting']"
valve_0062_lidar_classes.ply,ok,6611,8,8,0,37339,19493,complex,"['poisson', 'ball_pivoting']"
valve_0063_lidar_classes.ply,ok,7771,10,10,0,44199,23168,complex,"['poisson', 'ball_pivoting']"
valve_0064_lidar_classes.ply,ok,7396,10,10,0,53253,27905,complex,"['poisson', 'ball_pivoting']"
valve_0065_lidar_classes.ply,ok,6495,9,9,0,33794,17723,complex,"['poisson', 'ball_pivoting']"
valve_0066_lidar_classes.ply,ok,8269,10,10,0,44927,23514,complex,"['poisson', 'ball_pivoting']"
valve_0067_lidar_classes.ply,ok,7400,9,9,0,37771,19781,complex,"['poisson', 'ball_pivoting']"
valve_0068_lidar_classes.ply,ok,7679,9,9,0,45779,24048,complex,"['poisson', 'ball_pivoting']"
valve_0069_lidar_classes.ply,ok,7090,9,9,0,40462,21156,complex,"['poisson', 'ball_pivoting']"
valve_0070_lidar_classes.ply,ok,8210,10,10,0,53669,28113,complex,"['poisson', 'ball_pivoting']"
valve_0071_lidar_classes.ply,ok,6845,9,9,0,35198,18409,complex,"['poisson', 'ball_pivoting']"
valve_0072_lidar_classes.ply,ok,6553,9,9,0,29966,15644,complex,"['poisson', 'ball_pivoting']"
valve_0073_lidar_classes.ply,ok,8363,10,10,0,53770,28031,complex,"['poisson', 'ball_pivoting']"
valve_0074_lidar_classes.ply,ok,7934,10,10,0,44293,23296,complex,"['poisson', 'ball_pivoting']"
valve_0075_lidar_classes.ply,ok,7878,10,10,0,42078,22103,complex,"['poisson', 'ball_pivoting']"
valve_0076_lidar_classes.ply,ok,7570,10,10,0,42746,22480,complex,"['poisson', 'ball_pivoting']"
valve_0077_lidar_classes.ply,ok,7904,10,10,0,38922,20476,complex,"['poisson', 'ball_pivoting']"
valve_0078_lidar_classes.ply,ok,8086,10,10,0,51668,27053,complex,"['poisson', 'ball_pivoting']"
valve_0079_lidar_classes.ply,ok,6998,10,10,0,51492,26894,complex,"['poisson', 'ball_pivoting']"
valve_0080_lidar_classes.ply,ok,7893,10,10,0,52498,27438,complex,"['poisson', 'ball_pivoting']"
valve_0081_lidar_classes.ply,ok,7916,10,10,0,42918,22565,complex,"['poisson', 'ball_pivoting']"
valve_0082_lidar_classes.ply,ok,6973,8,8,0,34590,18124,complex,"['poisson', 'ball_pivoting']"
valve_0083_lidar_classes.ply,ok,8236,10,10,0,43822,22975,complex,"['poisson', 'ball_pivoting']"
valve_0084_lidar_classes.ply,ok,8142,10,10,0,52196,27396,complex,"['poisson', 'ball_pivoting']"
valve_0085_lidar_classes.ply,ok,7982,9,9,0,47753,24965,complex,"['poisson', 'ball_pivoting']"
valve_0086_lidar_classes.ply,ok,7646,10,10,0,50489,26362,complex,"['poisson', 'ball_pivoting']"
valve_0087_lidar_classes.ply,ok,8064,10,10,0,43586,22841,complex,"['poisson', 'ball_pivoting']"
valve_0088_lidar_classes.ply,ok,8281,9,9,0,45265,23733,complex,"['poisson', 'ball_pivoting']"
valve_0089_lidar_classes.ply,ok,6744,8,8,0,32988,17312,complex,"['poisson', 'ball_pivoting']"
valve_0090_lidar_classes.ply,ok,6654,9,9,0,44311,23138,complex,"['poisson', 'ball_pivoting']"
valve_0091_lidar_classes.ply,ok,6571,9,9,0,40121,21042,complex,"['poisson', 'ball_pivoting']"
valve_0092_lidar_classes.ply,ok,8228,10,10,0,35026,18367,complex,"['poisson', 'ball_pivoting']"
valve_0093_lidar_classes.ply,ok,7484,10,10,0,44286,23286,complex,"['poisson', 'ball_pivoting']"
valve_0094_lidar_classes.ply,ok,8703,10,10,0,53990,28231,complex,"['poisson', 'ball_pivoting']"
valve_0095_lidar_classes.ply,ok,7723,10,10,0,42097,22122,complex,"['poisson', 'ball_pivoting']"
valve_0096_lidar_classes.ply,ok,7004,9,9,0,34480,18085,complex,"['poisson', 'ball_pivoting']"
valve_0097_lidar_classes.ply,ok,7646,9,9,0,46576,24381,complex,"['poisson', 'ball_pivoting']"
valve_0098_lidar_classes.ply,ok,8453,10,10,0,53617,28084,complex,"['poisson', 'ball_pivoting']"
valve_0099_lidar_classes.ply,ok,6659,9,9,0,35397,18506,complex,"['poisson', 'ball_pivoting']"
valve_0100_lidar_classes.ply,ok,7438,9,9,0,40778,21396,complex,"['poisson', 'ball_pivoting']"
valve_0101_lidar_classes.ply,ok,7547,10,10,0,41987,22142,complex,"['poisson', 'ball_pivoting']"
valve_0102_lidar_classes.ply,ok,7404,9,9,0,31994,16834,complex,"['poisson', 'ball_pivoting']"
valve_0103_lidar_classes.ply,ok,7398,9,9,0,36822,19342,complex,"['poisson', 'ball_pivoting']"
valve_0104_lidar_classes.ply,ok,7390,8,8,0,34855,18284,complex,"['poisson', 'ball_pivoting']"
valve_0105_lidar_classes.ply,ok,7366,10,10,0,52278,27352,complex,"['poisson', 'ball_pivoting']"
valve_0106_lidar_classes.ply,ok,7228,10,10,0,53294,27899,complex,"['poisson', 'ball_pivoting']"
valve_0107_lidar_classes.ply,ok,8118,10,10,0,48628,25542,complex,"['poisson', 'ball_pivoting']"
valve_0108_lidar_classes.ply,ok,7822,10,10,0,52649,27649,complex,"['poisson', 'ball_pivoting']"
valve_0109_lidar_classes.ply,ok,6810,9,9,0,34567,18095,complex,"['poisson', 'ball_pivoting']"
valve_0110_lidar_classes.ply,ok,8009,10,10,0,43648,22858,complex,"['poisson', 'ball_pivoting']"
valve_0111_lidar_classes.ply,ok,8247,10,10,0,52975,27809,complex,"['poisson', 'ball_pivoting']"
valve_0112_lidar_classes.ply,ok,7382,10,10,0,45414,23761,complex,"['poisson', 'ball_pivoting']"
valve_0113_lidar_classes.ply,ok,7633,9,9,0,46068,24132,complex,"['poisson', 'ball_pivoting']"
valve_0114_lidar_classes.ply,ok,7241,10,10,0,50220,26402,complex,"['poisson', 'ball_pivoting']"
valve_0115_lidar_classes.ply,ok,6997,10,10,0,43468,22696,complex,"['poisson', 'ball_pivoting']"
valve_0116_lidar_classes.ply,ok,8154,10,10,0,43843,23020,complex,"['poisson', 'ball_pivoting']"
valve_0117_lidar_classes.ply,ok,6708,9,9,0,29211,15291,complex,"['poisson', 'ball_pivoting']"
valve_0118_lidar_classes.ply,ok,7610,9,9,0,46800,24505,complex,"['poisson', 'ball_pivoting']"
valve_0119_lidar_classes.ply,ok,7313,10,10,0,45254,23678,complex,"['poisson', 'ball_pivoting']"
valve_0120_lidar_classes.ply,ok,7606,9,9,0,43245,22637,complex,"['poisson', 'ball_pivoting']"
valve_0121_lidar_classes.ply,ok,7975,10,10,0,43312,22649,complex,"['poisson', 'ball_pivoting']"
valve_0122_lidar_classes.ply,ok,7180,10,10,0,50178,26240,complex,"['poisson', 'ball_pivoting']"
valve_0123_lidar_classes.ply,ok,6479,9,9,0,30465,15936,complex,"['poisson', 'ball_pivoting']"
valve_0124_lidar_classes.ply,ok,8061,10,10,0,43836,22966,complex,"['poisson', 'ball_pivoting']"
valve_0125_lidar_classes.ply,ok,6807,9,9,0,31974,16736,complex,"['poisson', 'ball_pivoting']"
valve_0126_lidar_classes.ply,ok,7957,10,10,0,43394,22713,complex,"['poisson', 'ball_pivoting']"
valve_0127_lidar_classes.ply,ok,7729,10,10,0,42488,22377,complex,"['poisson', 'ball_pivoting']"
valve_0128_lidar_classes.ply,ok,7113,10,10,0,44055,23081,complex,"['poisson', 'ball_pivoting']"
valve_0129_lidar_classes.ply,ok,7548,9,9,0,47831,25098,complex,"['poisson', 'ball_pivoting']"
valve_0130_lidar_classes.ply,ok,7852,9,9,0,47609,25010,complex,"['poisson', 'ball_pivoting']"
valve_0131_lidar_classes.ply,ok,6817,8,8,0,38257,19951,complex,"['poisson', 'ball_pivoting']"
valve_0132_lidar_classes.ply,ok,7553,8,8,0,42813,22467,complex,"['poisson', 'ball_pivoting']"
valve_0133_lidar_classes.ply,ok,6969,10,10,0,40795,21336,complex,"['poisson', 'ball_pivoting']"
valve_0134_lidar_classes.ply,ok,7052,8,8,0,33001,17277,complex,"['poisson', 'ball_pivoting']"
valve_0135_lidar_classes.ply,ok,6566,9,9,0,30623,16033,complex,"['poisson', 'ball_pivoting']"
valve_0136_lidar_classes.ply,ok,8051,10,10,0,44113,23105,complex,"['poisson', 'ball_pivoting']"
valve_0137_lidar_classes.ply,ok,8100,10,10,0,43749,22887,complex,"['poisson', 'ball_pivoting']"
valve_0138_lidar_classes.ply,ok,7188,10,10,0,44933,23549,complex,"['poisson', 'ball_pivoting']"
valve_0139_lidar_classes.ply,ok,7960,10,10,0,38989,20599,complex,"['poisson', 'ball_pivoting']"
valve_0140_lidar_classes.ply,ok,7924,10,10,0,51779,27229,complex,"['poisson', 'ball_pivoting']"
valve_0141_lidar_classes.ply,ok,7347,9,9,0,41959,21954,complex,"['poisson', 'ball_pivoting']"
valve_0142_lidar_classes.ply,ok,7944,9,9,0,46234,24155,complex,"['poisson', 'ball_pivoting']"
valve_0143_lidar_classes.ply,ok,7089,10,10,0,49790,26119,complex,"['poisson', 'ball_pivoting']"
valve_0144_lidar_classes.ply,ok,6569,9,9,0,30443,15893,complex,"['poisson', 'ball_pivoting']"
valve_0145_lidar_classes.ply,ok,7564,10,10,0,52189,27343,complex,"['poisson', 'ball_pivoting']"
valve_0146_lidar_classes.ply,ok,7357,8,8,0,35109,18399,complex,"['poisson', 'ball_pivoting']"
valve_0147_lidar_classes.ply,ok,6739,8,8,0,34074,17831,complex,"['poisson', 'ball_pivoting']"
valve_0148_lidar_classes.ply,ok,6984,9,9,0,31611,16526,complex,"['poisson', 'ball_pivoting']"
valve_0149_lidar_classes.ply,ok,7832,9,9,0,47343,24843,complex,"['poisson', 'ball_pivoting']"
valve_0150_lidar_classes.ply,ok,7544,10,10,0,52005,27259,complex,"['poisson', 'ball_pivoting']"
valve_0151_lidar_classes.ply,ok,8136,9,9,0,43838,22857,complex,"['poisson', 'ball_pivoting']"
valve_0152_lidar_classes.ply,ok,7248,10,10,0,46114,24146,complex,"['poisson', 'ball_pivoting']"
valve_0153_lidar_classes.ply,ok,7766,10,10,0,43148,22671,complex,"['poisson', 'ball_pivoting']"
valve_0154_lidar_classes.ply,ok,6949,9,9,0,39695,20775,complex,"['poisson', 'ball_pivoting']"
valve_0155_lidar_classes.ply,ok,7265,9,9,0,35179,18476,complex,"['poisson', 'ball_pivoting']"
valve_0156_lidar_classes.ply,ok,8102,10,10,0,43217,22660,complex,"['poisson', 'ball_pivoting']"
valve_0157_lidar_classes.ply,ok,7915,10,10,0,49085,25721,complex,"['poisson', 'ball_pivoting']"
valve_0158_lidar_classes.ply,ok,7994,9,9,0,44724,23386,complex,"['poisson', 'ball_pivoting']"
valve_0159_lidar_classes.ply,ok,7159,10,10,0,44765,23510,complex,"['poisson', 'ball_pivoting']"
valve_0160_lidar_classes.ply,ok,7108,9,9,0,36948,19378,complex,"['poisson', 'ball_pivoting']"
valve_0161_lidar_classes.ply,ok,7028,10,10,0,43457,22730,complex,"['poisson', 'ball_pivoting']"
valve_0162_lidar_classes.ply,ok,7833,8,8,0,42813,22298,complex,"['poisson', 'ball_pivoting']"
valve_0163_lidar_classes.ply,ok,8301,10,10,0,49154,25761,complex,"['poisson', 'ball_pivoting']"
valve_0164_lidar_classes.ply,ok,7276,9,9,0,41594,21887,complex,"['poisson', 'ball_pivoting']"
valve_0165_lidar_classes.ply,ok,6926,10,10,0,39163,20505,complex,"['poisson', 'ball_pivoting']"
valve_0166_lidar_classes.ply,ok,8019,10,10,0,39630,20795,complex,"['poisson', 'ball_pivoting']"
valve_0167_lidar_classes.ply,ok,7810,9,9,0,48409,25403,complex,"['poisson', 'ball_pivoting']"
valve_0168_lidar_classes.ply,ok,7628,10,10,0,52208,27267,complex,"['poisson', 'ball_pivoting']"
valve_0169_lidar_classes.ply,ok,8247,10,10,0,44507,23356,complex,"['poisson', 'ball_pivoting']"
valve_0170_lidar_classes.ply,ok,6420,9,9,0,30391,15945,complex,"['poisson', 'ball_pivoting']"
valve_0171_lidar_classes.ply,ok,7908,10,10,0,51681,27161,complex,"['poisson', 'ball_pivoting']"
valve_0172_lidar_classes.ply,ok,6947,9,9,0,31739,16606,complex,"['poisson', 'ball_pivoting']"
valve_0173_lidar_classes.ply,ok,7998,10,10,0,44554,23437,complex,"['poisson', 'ball_pivoting']"
valve_0174_lidar_classes.ply,ok,7402,9,9,0,46841,24432,complex,"['poisson', 'ball_pivoting']"
valve_0175_lidar_classes.ply,ok,7664,10,10,0,42801,22460,complex,"['poisson', 'ball_pivoting']"
valve_0176_lidar_classes.ply,ok,7231,10,10,0,44231,23243,complex,"['poisson', 'ball_pivoting']"
valve_0177_lidar_classes.ply,ok,8165,10,10,0,40452,21306,complex,"['poisson', 'ball_pivoting']"
valve_0178_lidar_classes.ply,ok,7327,10,10,0,46219,24167,complex,"['poisson', 'ball_pivoting']"
valve_0179_lidar_classes.ply,ok,7806,10,10,0,43206,22700,complex,"['poisson', 'ball_pivoting']"
valve_0180_lidar_classes.ply,ok,6819,10,10,0,44032,23114,complex,"['poisson', 'ball_pivoting']"
valve_0181_lidar_classes.ply,ok,7021,10,10,0,35402,18568,complex,"['poisson', 'ball_pivoting']"
valve_0182_lidar_classes.ply,ok,6959,10,10,0,45069,23612,complex,"['poisson', 'ball_pivoting']"
valve_0183_lidar_classes.ply,ok,7350,9,9,0,42594,22453,complex,"['poisson', 'ball_pivoting']"
valve_0184_lidar_classes.ply,ok,7603,9,9,0,38968,20479,complex,"['poisson', 'ball_pivoting']"
valve_0185_lidar_classes.ply,ok,7654,10,10,0,43072,22631,complex,"['poisson', 'ball_pivoting']"
valve_0186_lidar_classes.ply,ok,7598,9,9,0,38667,20301,complex,"['poisson', 'ball_pivoting']"
valve_0187_lidar_classes.ply,ok,6763,9,9,0,34333,17925,complex,"['poisson', 'ball_pivoting']"
valve_0188_lidar_classes.ply,ok,7986,10,10,0,52483,27487,complex,"['poisson', 'ball_pivoting']"
valve_0189_lidar_classes.ply,ok,8275,10,10,0,44523,23332,complex,"['poisson', 'ball_pivoting']"
valve_0190_lidar_classes.ply,ok,7170,9,9,0,31028,16260,complex,"['poisson', 'ball_pivoting']"
valve_0191_lidar_classes.ply,ok,6571,9,9,0,30810,16063,complex,"['poisson', 'ball_pivoting']"
valve_0192_lidar_classes.ply,ok,8368,10,10,0,43385,22719,complex,"['poisson', 'ball_pivoting']"
valve_0193_lidar_classes.ply,ok,7427,8,8,0,40382,21178,complex,"['poisson', 'ball_pivoting']"
valve_0194_lidar_classes.ply,ok,7444,9,9,0,41182,21507,complex,"['poisson', 'ball_pivoting']"
valve_0195_lidar_classes.ply,ok,8325,10,10,0,53931,28230,complex,"['poisson', 'ball_pivoting']"
valve_0196_lidar_classes.ply,ok,6805,8,8,0,32322,16877,complex,"['poisson', 'ball_pivoting']"
valve_0197_lidar_classes.ply,ok,6859,8,8,0,26036,13571,complex,"['poisson', 'ball_pivoting']"
valve_0198_lidar_classes.ply,ok,7547,10,10,0,42729,22440,complex,"['poisson', 'ball_pivoting']"
valve_0199_lidar_classes.ply,ok,6570,9,9,0,39227,20527,complex,"['poisson', 'ball_pivoting']"
valve_0200_lidar_classes.ply,ok,6665,8,8,0,26348,13830,complex,"['poisson', 'ball_pivoting']"
valve_0201_lidar_classes.ply,ok,7666,10,10,0,43509,22928,complex,"['poisson', 'ball_pivoting']"
valve_0202_lidar_classes.ply,ok,7347,10,10,0,50533,26556,complex,"['poisson', 'ball_pivoting']"
valve_0203_lidar_classes.ply,ok,7088,10,10,0,45670,23877,complex,"['poisson', 'ball_pivoting']"
valve_0204_lidar_classes.ply,ok,7225,10,10,0,52754,27683,complex,"['poisson', 'ball_pivoting']"
valve_0205_lidar_classes.ply,ok,7498,9,9,0,39457,20731,complex,"['poisson', 'ball_pivoting']"
valve_0206_lidar_classes.ply,ok,7170,9,9,0,35814,18765,complex,"['poisson', 'ball_pivoting']"
valve_0207_lidar_classes.ply,ok,6938,9,9,0,35869,18856,complex,"['poisson', 'ball_pivoting']"
valve_0208_lidar_classes.ply,ok,7328,10,10,0,35337,18581,complex,"['poisson', 'ball_pivoting']"
valve_0209_lidar_classes.ply,ok,6611,9,9,0,30097,15802,complex,"['poisson', 'ball_pivoting']"
valve_0210_lidar_classes.ply,ok,7250,9,9,0,47570,24934,complex,"['poisson', 'ball_pivoting']"
valve_0211_lidar_classes.ply,ok,7434,10,10,0,49964,26197,complex,"['poisson', 'ball_pivoting']"
valve_0212_lidar_classes.ply,ok,8095,10,10,0,44245,23196,complex,"['poisson', 'ball_pivoting']"
valve_0213_lidar_classes.ply,ok,7624,10,10,0,52078,27288,complex,"['poisson', 'ball_pivoting']"
valve_0214_lidar_classes.ply,ok,6880,9,9,0,29610,15471,complex,"['poisson', 'ball_pivoting']"
valve_0215_lidar_classes.ply,ok,6682,8,8,0,37169,19389,complex,"['poisson', 'ball_pivoting']"
valve_0216_lidar_classes.ply,ok,7395,10,10,0,46482,24431,complex,"['poisson', 'ball_pivoting']"
valve_0217_lidar_classes.ply,ok,6770,9,9,0,31110,16375,complex,"['poisson', 'ball_pivoting']"
valve_0218_lidar_classes.ply,ok,6909,9,9,0,38610,20278,complex,"['poisson', 'ball_pivoting']"
valve_0219_lidar_classes.ply,ok,7428,9,9,0,46302,24232,complex,"['poisson', 'ball_pivoting']"
valve_0220_lidar_classes.ply,ok,8252,10,10,0,52198,27366,complex,"['poisson', 'ball_pivoting']"
valve_0221_lidar_classes.ply,ok,7556,9,9,0,31293,16382,complex,"['poisson', 'ball_pivoting']"
valve_0222_lidar_classes.ply,ok,6559,8,8,0,37081,19331,complex,"['poisson', 'ball_pivoting']"
valve_0223_lidar_classes.ply,ok,7131,10,10,0,44129,23153,complex,"['poisson', 'ball_pivoting']"
valve_0224_lidar_classes.ply,ok,7275,9,9,0,39930,20926,complex,"['poisson', 'ball_pivoting']"
valve_0225_lidar_classes.ply,ok,6297,9,9,0,30112,15756,complex,"['poisson', 'ball_pivoting']"
valve_0226_lidar_classes.ply,ok,7028,8,8,0,27256,14185,complex,"['poisson', 'ball_pivoting']"
valve_0227_lidar_classes.ply,ok,8124,9,9,0,48037,25217,complex,"['poisson', 'ball_pivoting']"
valve_0228_lidar_classes.ply,ok,7320,8,8,0,34836,18264,complex,"['poisson', 'ball_pivoting']"
valve_0229_lidar_classes.ply,ok,6946,10,10,0,40379,21165,complex,"['poisson', 'ball_pivoting']"
valve_0230_lidar_classes.ply,ok,7243,10,10,0,46981,24580,complex,"['poisson', 'ball_pivoting']"
valve_0231_lidar_classes.ply,ok,6497,9,9,0,34238,18002,complex,"['poisson', 'ball_pivoting']"
valve_0232_lidar_classes.ply,ok,7776,10,10,0,43644,22900,complex,"['poisson', 'ball_pivoting']"
valve_0233_lidar_classes.ply,ok,6620,10,10,0,40561,21220,complex,"['poisson', 'ball_pivoting']"
valve_0234_lidar_classes.ply,ok,7165,10,10,0,46750,24488,complex,"['poisson', 'ball_pivoting']"
valve_0235_lidar_classes.ply,ok,6630,9,9,0,42233,22047,complex,"['poisson', 'ball_pivoting']"
valve_0236_lidar_classes.ply,ok,6923,8,8,0,36619,19204,complex,"['poisson', 'ball_pivoting']"
valve_0237_lidar_classes.ply,ok,6614,9,9,0,30533,15929,complex,"['poisson', 'ball_pivoting']"
valve_0238_lidar_classes.ply,ok,7389,10,10,0,46247,24154,complex,"['poisson', 'ball_pivoting']"
valve_0239_lidar_classes.ply,ok,8115,10,10,0,47797,25006,complex,"['poisson', 'ball_pivoting']"
valve_0240_lidar_classes.ply,ok,6567,9,9,0,37197,19441,complex,"['poisson', 'ball_pivoting']"
valve_0241_lidar_classes.ply,ok,6464,10,10,0,41326,21604,complex,"['poisson', 'ball_pivoting']"
valve_0242_lidar_classes.ply,ok,7960,10,10,0,52492,27473,complex,"['poisson', 'ball_pivoting']"
valve_0243_lidar_classes.ply,ok,7149,8,8,0,34426,18074,complex,"['poisson', 'ball_pivoting']"
valve_0244_lidar_classes.ply,ok,6881,9,9,0,34417,17980,complex,"['poisson', 'ball_pivoting']"
valve_0245_lidar_classes.ply,ok,7744,10,10,0,42741,22453,complex,"['poisson', 'ball_pivoting']"
valve_0246_lidar_classes.ply,ok,6694,10,10,0,35436,18578,complex,"['poisson', 'ball_pivoting']"
valve_0247_lidar_classes.ply,ok,8182,10,10,0,44070,23147,complex,"['poisson', 'ball_pivoting']"
valve_0248_lidar_classes.ply,ok,8348,10,10,0,48896,25665,complex,"['poisson', 'ball_pivoting']"
valve_0249_lidar_classes.ply,ok,6975,10,10,0,40007,20947,complex,"['poisson', 'ball_pivoting']"
valve_0250_lidar_classes.ply,ok,7743,10,10,0,50967,26801,complex,"['poisson', 'ball_pivoting']"
valve_0251_lidar_classes.ply,ok,6546,9,9,0,30042,15729,complex,"['poisson', 'ball_pivoting']"
valve_0252_lidar_classes.ply,ok,6501,9,9,0,30423,15880,complex,"['poisson', 'ball_pivoting']"
valve_0253_lidar_classes.ply,ok,7958,10,10,0,43071,22600,complex,"['poisson', 'ball_pivoting']"
valve_0254_lidar_classes.ply,ok,7309,9,9,0,38569,20268,complex,"['poisson', 'ball_pivoting']"
valve_0255_lidar_classes.ply,ok,7282,9,9,0,33813,17770,complex,"['poisson', 'ball_pivoting']"
valve_0256_lidar_classes.ply,ok,8267,10,10,0,51834,27263,complex,"['poisson', 'ball_pivoting']"
valve_0257_lidar_classes.ply,ok,8274,10,10,0,49191,25695,complex,"['poisson', 'ball_pivoting']"
valve_0258_lidar_classes.ply,ok,7492,9,9,0,41257,21585,complex,"['poisson', 'ball_pivoting']"
valve_0259_lidar_classes.ply,ok,7357,10,10,0,39300,20614,complex,"['poisson', 'ball_pivoting']"
valve_0260_lidar_classes.ply,ok,6840,9,9,0,29820,15625,complex,"['poisson', 'ball_pivoting']"
valve_0261_lidar_classes.ply,ok,7761,10,10,0,43813,22987,complex,"['poisson', 'ball_pivoting']"
valve_0262_lidar_classes.ply,ok,7389,10,10,0,47095,24626,complex,"['poisson', 'ball_pivoting']"
valve_0263_lidar_classes.ply,ok,6475,8,8,0,26213,13760,complex,"['poisson', 'ball_pivoting']"
valve_0264_lidar_classes.ply,ok,7282,9,9,0,39857,20946,complex,"['poisson', 'ball_pivoting']"
valve_0265_lidar_classes.ply,ok,7674,10,10,0,46198,24204,complex,"['poisson', 'ball_pivoting']"
valve_0266_lidar_classes.ply,ok,7545,9,9,0,46125,24130,complex,"['poisson', 'ball_pivoting']"
valve_0267_lidar_classes.ply,ok,8184,10,10,0,49087,25755,complex,"['poisson', 'ball_pivoting']"
valve_0268_lidar_classes.ply,ok,7108,9,9,0,40320,21160,complex,"['poisson', 'ball_pivoting']"
valve_0269_lidar_classes.ply,ok,8217,10,10,0,41316,21642,complex,"['poisson', 'ball_pivoting']"
valve_0270_lidar_classes.ply,ok,6904,10,10,0,44032,23111,complex,"['poisson', 'ball_pivoting']"
valve_0271_lidar_classes.ply,ok,7028,8,8,0,26806,13997,complex,"['poisson', 'ball_pivoting']"
valve_0272_lidar_classes.ply,ok,6306,8,8,0,35966,18779,complex,"['poisson', 'ball_pivoting']"
valve_0273_lidar_classes.ply,ok,7722,9,9,0,45417,23928,complex,"['poisson', 'ball_pivoting']"
valve_0274_lidar_classes.ply,ok,7392,9,9,0,40580,21325,complex,"['poisson', 'ball_pivoting']"
valve_0275_lidar_classes.ply,ok,6574,8,8,0,28460,14959,complex,"['poisson', 'ball_pivoting']"
valve_0276_lidar_classes.ply,ok,7184,9,9,0,42844,22441,complex,"['poisson', 'ball_pivoting']"
valve_0277_lidar_classes.ply,ok,8051,9,9,0,47512,24875,complex,"['poisson', 'ball_pivoting']"
valve_0278_lidar_classes.ply,ok,6703,9,9,0,31780,16636,complex,"['poisson', 'ball_pivoting']"
valve_0279_lidar_classes.ply,ok,7945,10,10,0,39968,21032,complex,"['poisson', 'ball_pivoting']"
valve_0280_lidar_classes.ply,ok,8072,10,10,0,49241,25729,complex,"['poisson', 'ball_pivoting']"
valve_0281_lidar_classes.ply,ok,6918,9,9,0,35527,18605,complex,"['poisson', 'ball_pivoting']"
valve_0282_lidar_classes.ply,ok,7373,9,9,0,48124,25184,complex,"['poisson', 'ball_pivoting']"
valve_0283_lidar_classes.ply,ok,7187,10,10,0,49909,26119,complex,"['poisson', 'ball_pivoting']"
valve_0284_lidar_classes.ply,ok,6926,9,9,0,34042,17800,complex,"['poisson', 'ball_pivoting']"
valve_0285_lidar_classes.ply,ok,7113,8,8,0,34978,18350,complex,"['poisson', 'ball_pivoting']"
valve_0286_lidar_classes.ply,ok,8079,10,10,0,52683,27585,complex,"['poisson', 'ball_pivoting']"
valve_0287_lidar_classes.ply,ok,7378,10,10,0,50611,26679,complex,"['poisson', 'ball_pivoting']"
valve_0288_lidar_classes.ply,ok,7566,10,10,0,52862,27607,complex,"['poisson', 'ball_pivoting']"
valve_0289_lidar_classes.ply,ok,6833,9,9,0,37579,19663,complex,"['poisson', 'ball_pivoting']"
valve_0290_lidar_classes.ply,ok,6947,8,8,0,25808,13490,complex,"['poisson', 'ball_pivoting']"
valve_0291_lidar_classes.ply,ok,7136,9,9,0,39074,20466,complex,"['poisson', 'ball_pivoting']"
valve_0292_lidar_classes.ply,ok,7148,9,9,0,40858,21374,complex,"['poisson', 'ball_pivoting']"
valve_0293_lidar_classes.ply,ok,7597,10,10,0,35734,18698,complex,"['poisson', 'ball_pivoting']"
valve_0294_lidar_classes.ply,ok,6986,9,9,0,29969,15738,complex,"['poisson', 'ball_pivoting']"
valve_0295_lidar_classes.ply,ok,8249,10,10,0,43418,22724,complex,"['poisson', 'ball_pivoting']"
valve_0296_lidar_classes.ply,ok,7050,8,8,0,35490,18534,complex,"['poisson', 'ball_pivoting']"
valve_0297_lidar_classes.ply,ok,7013,10,10,0,45309,23703,complex,"['poisson', 'ball_pivoting']"
valve_0298_lidar_classes.ply,ok,7539,9,9,0,35256,18461,complex,"['poisson', 'ball_pivoting']"
valve_0299_lidar_classes.ply,ok,7414,9,9,0,42933,22577,complex,"['poisson', 'ball_pivoting']"
valve_0300_lidar_classes.ply,ok,8559,10,10,0,52769,27680,complex,"['poisson', 'ball_pivoting']"
valve_0301_lidar_classes.ply,ok,7244,10,10,0,41615,21866,complex,"['poisson', 'ball_pivoting']"
valve_0302_lidar_classes.ply,ok,6489,8,8,0,27833,14564,complex,"['poisson', 'ball_pivoting']"
valve_0303_lidar_classes.ply,ok,7445,9,9,0,31716,16748,complex,"['poisson', 'ball_pivoting']"
valve_0304_lidar_classes.ply,ok,7920,10,10,0,42468,22335,complex,"['poisson', 'ball_pivoting']"
valve_0305_lidar_classes.ply,ok,6682,9,9,0,30805,16129,complex,"['poisson', 'ball_pivoting']"
valve_0306_lidar_classes.ply,ok,7667,9,9,0,46464,24297,complex,"['poisson', 'ball_pivoting']"
valve_0307_lidar_classes.ply,ok,6672,8,8,0,32930,17185,complex,"['poisson', 'ball_pivoting']"
valve_0308_lidar_classes.ply,ok,8123,10,10,0,40867,21419,complex,"['poisson', 'ball_pivoting']"
valve_0309_lidar_classes.ply,ok,7457,10,10,0,43335,22770,complex,"['poisson', 'ball_pivoting']"
valve_0310_lidar_classes.ply,ok,6539,8,8,0,33623,17617,complex,"['poisson', 'ball_pivoting']"
valve_0311_lidar_classes.ply,ok,6720,10,10,0,36252,18998,complex,"['poisson', 'ball_pivoting']"
valve_0312_lidar_classes.ply,ok,6727,9,9,0,31634,16557,complex,"['poisson', 'ball_pivoting']"
valve_0313_lidar_classes.ply,ok,7210,10,10,0,45205,23726,complex,"['poisson', 'ball_pivoting']"
valve_0314_lidar_classes.ply,ok,7136,10,10,0,46146,24065,complex,"['poisson', 'ball_pivoting']"
valve_0315_lidar_classes.ply,ok,8033,10,10,0,53394,27945,complex,"['poisson', 'ball_pivoting']"
valve_0316_lidar_classes.ply,ok,6632,8,8,0,26053,13609,complex,"['poisson', 'ball_pivoting']"
valve_0317_lidar_classes.ply,ok,6877,8,8,0,38093,19865,complex,"['poisson', 'ball_pivoting']"
valve_0318_lidar_classes.ply,ok,6547,9,9,0,35093,18343,complex,"['poisson', 'ball_pivoting']"
valve_0319_lidar_classes.ply,ok,6382,9,9,0,30926,16217,complex,"['poisson', 'ball_pivoting']"
valve_0320_lidar_classes.ply,ok,8402,10,10,0,53813,28138,complex,"['poisson', 'ball_pivoting']"
valve_0321_lidar_classes.ply,ok,7578,9,9,0,46991,24597,complex,"['poisson', 'ball_pivoting']"
valve_0322_lidar_classes.ply,ok,7517,9,9,0,46793,24533,complex,"['poisson', 'ball_pivoting']"
valve_0323_lidar_classes.ply,ok,7685,10,10,0,43861,23034,complex,"['poisson', 'ball_pivoting']"
valve_0324_lidar_classes.ply,ok,7052,9,9,0,40912,21474,complex,"['poisson', 'ball_pivoting']"
valve_0325_lidar_classes.ply,ok,7883,10,10,0,52812,27512,complex,"['poisson', 'ball_pivoting']"
valve_0326_lidar_classes.ply,ok,7362,10,10,0,54329,28456,complex,"['poisson', 'ball_pivoting']"
valve_0327_lidar_classes.ply,ok,6557,10,10,0,34239,18000,complex,"['poisson', 'ball_pivoting']"
valve_0328_lidar_classes.ply,ok,6754,9,9,0,30434,15881,complex,"['poisson', 'ball_pivoting']"
valve_0329_lidar_classes.ply,ok,7384,9,9,0,38126,19995,complex,"['poisson', 'ball_pivoting']"
valve_0330_lidar_classes.ply,ok,7300,10,10,0,51541,26856,complex,"['poisson', 'ball_pivoting']"
valve_0331_lidar_classes.ply,ok,7691,10,10,0,52316,27417,complex,"['poisson', 'ball_pivoting']"
valve_0332_lidar_classes.ply,ok,7373,9,9,0,44456,23309,complex,"['poisson', 'ball_pivoting']"
valve_0333_lidar_classes.ply,ok,6852,8,8,0,33746,17562,complex,"['poisson', 'ball_pivoting']"
valve_0334_lidar_classes.ply,ok,8274,10,10,0,54274,28338,complex,"['poisson', 'ball_pivoting']"
valve_0335_lidar_classes.ply,ok,7310,8,8,0,35276,18498,complex,"['poisson', 'ball_pivoting']"
valve_0336_lidar_classes.ply,ok,7207,9,9,0,40231,21071,complex,"['poisson', 'ball_pivoting']"
valve_0337_lidar_classes.ply,ok,7712,9,9,0,46010,24138,complex,"['poisson', 'ball_pivoting']"
valve_0338_lidar_classes.ply,ok,6804,9,9,0,36535,19192,complex,"['poisson', 'ball_pivoting']"
valve_0339_lidar_classes.ply,ok,6828,9,9,0,38758,20335,complex,"['poisson', 'ball_pivoting']"
valve_0340_lidar_classes.ply,ok,7288,9,9,0,40180,21081,complex,"['poisson', 'ball_pivoting']"
valve_0341_lidar_classes.ply,ok,8048,10,10,0,51108,26808,complex,"['poisson', 'ball_pivoting']"
valve_0342_lidar_classes.ply,ok,6800,9,9,0,31003,16239,complex,"['poisson', 'ball_pivoting']"
valve_0343_lidar_classes.ply,ok,7994,9,9,0,47496,24954,complex,"['poisson', 'ball_pivoting']"
valve_0344_lidar_classes.ply,ok,7442,10,10,0,40660,21299,complex,"['poisson', 'ball_pivoting']"
valve_0345_lidar_classes.ply,ok,6923,9,9,0,40305,21029,complex,"['poisson', 'ball_pivoting']"
valve_0346_lidar_classes.ply,ok,6856,8,8,0,34657,18164,complex,"['poisson', 'ball_pivoting']"
valve_0347_lidar_classes.ply,ok,7253,9,9,0,41050,21450,complex,"['poisson', 'ball_pivoting']"
valve_0348_lidar_classes.ply,ok,7691,10,10,0,45133,23662,complex,"['poisson', 'ball_pivoting']"
valve_0349_lidar_classes.ply,ok,7090,10,10,0,44895,23523,complex,"['poisson', 'ball_pivoting']"
valve_0350_lidar_classes.ply,ok,7672,10,10,0,43577,22885,complex,"['poisson', 'ball_pivoting']"
valve_0351_lidar_classes.ply,ok,7908,10,10,0,51940,27244,complex,"['poisson', 'ball_pivoting']"
valve_0352_lidar_classes.ply,ok,7013,9,9,0,33681,17567,complex,"['poisson', 'ball_pivoting']"
valve_0353_lidar_classes.ply,ok,7211,10,10,0,51029,26757,complex,"['poisson', 'ball_pivoting']"
valve_0354_lidar_classes.ply,ok,6597,9,9,0,34521,18123,complex,"['poisson', 'ball_pivoting']"
valve_0355_lidar_classes.ply,ok,8076,10,10,0,43365,22753,complex,"['poisson', 'ball_pivoting']"
valve_0356_lidar_classes.ply,ok,6854,8,8,0,25542,13434,complex,"['poisson', 'ball_pivoting']"
valve_0357_lidar_classes.ply,ok,7096,10,10,0,50788,26640,complex,"['poisson', 'ball_pivoting']"
valve_0358_lidar_classes.ply,ok,7425,9,9,0,41867,21958,complex,"['poisson', 'ball_pivoting']"
valve_0359_lidar_classes.ply,ok,8176,10,10,0,52634,27578,complex,"['poisson', 'ball_pivoting']"
valve_0360_lidar_classes.ply,ok,7043,10,10,0,40056,21102,complex,"['poisson', 'ball_pivoting']"
valve_0361_lidar_classes.ply,ok,8119,10,10,0,45462,23921,complex,"['poisson', 'ball_pivoting']"
valve_0362_lidar_classes.ply,ok,7962,10,10,0,52616,27500,complex,"['poisson', 'ball_pivoting']"
valve_0363_lidar_classes.ply,ok,6597,9,9,0,30092,15820,complex,"['poisson', 'ball_pivoting']"
valve_0364_lidar_classes.ply,ok,7778,9,9,0,34685,18213,complex,"['poisson', 'ball_pivoting']"
valve_0365_lidar_classes.ply,ok,6593,9,9,0,41859,21959,complex,"['poisson', 'ball_pivoting']"
valve_0366_lidar_classes.ply,ok,7527,9,9,0,47527,24974,complex,"['poisson', 'ball_pivoting']"
valve_0367_lidar_classes.ply,ok,6646,10,10,0,40468,21195,complex,"['poisson', 'ball_pivoting']"
valve_0368_lidar_classes.ply,ok,7564,10,10,0,51895,27191,complex,"['poisson', 'ball_pivoting']"
valve_0369_lidar_classes.ply,ok,7209,10,10,0,44010,23062,complex,"['poisson', 'ball_pivoting']"
valve_0370_lidar_classes.ply,ok,7445,10,10,0,42583,22340,complex,"['poisson', 'ball_pivoting']"
valve_0371_lidar_classes.ply,ok,6498,9,9,0,35645,18625,complex,"['poisson', 'ball_pivoting']"
valve_0372_lidar_classes.ply,ok,7578,8,8,0,42508,22355,complex,"['poisson', 'ball_pivoting']"
valve_0373_lidar_classes.ply,ok,7822,10,10,0,51697,27100,complex,"['poisson', 'ball_pivoting']"
valve_0374_lidar_classes.ply,ok,7998,10,10,0,47931,25012,complex,"['poisson', 'ball_pivoting']"
valve_0375_lidar_classes.ply,ok,7218,10,10,0,44637,23376,complex,"['poisson', 'ball_pivoting']"
valve_0376_lidar_classes.ply,ok,8031,10,10,0,52352,27376,complex,"['poisson', 'ball_pivoting']"
valve_0377_lidar_classes.ply,ok,7228,10,10,0,46536,24295,complex,"['poisson', 'ball_pivoting']"
valve_0378_lidar_classes.ply,ok,8082,9,9,0,42213,22103,complex,"['poisson', 'ball_pivoting']"
valve_0379_lidar_classes.ply,ok,7792,10,10,0,52303,27342,complex,"['poisson', 'ball_pivoting']"
valve_0380_lidar_classes.ply,ok,7623,9,9,0,47084,24570,complex,"['poisson', 'ball_pivoting']"
valve_0381_lidar_classes.ply,ok,8247,10,10,0,44123,23139,complex,"['poisson', 'ball_pivoting']"
valve_0382_lidar_classes.ply,ok,6750,8,8,0,32346,16942,complex,"['poisson', 'ball_pivoting']"
valve_0383_lidar_classes.ply,ok,8126,10,10,0,53603,28008,complex,"['poisson', 'ball_pivoting']"
valve_0384_lidar_classes.ply,ok,6776,8,8,0,38314,19964,complex,"['poisson', 'ball_pivoting']"
valve_0385_lidar_classes.ply,ok,7255,10,10,0,45706,23942,complex,"['poisson', 'ball_pivoting']"
valve_0386_lidar_classes.ply,ok,7447,10,10,0,44936,23614,complex,"['poisson', 'ball_pivoting']"
valve_0387_lidar_classes.ply,ok,7202,10,10,0,51288,26806,complex,"['poisson', 'ball_pivoting']"
valve_0388_lidar_classes.ply,ok,7417,10,10,0,44817,23488,complex,"['poisson', 'ball_pivoting']"
valve_0389_lidar_classes.ply,ok,7691,10,10,0,41731,22021,complex,"['poisson', 'ball_pivoting']"
valve_0390_lidar_classes.ply,ok,7308,10,10,0,53064,27708,complex,"['poisson', 'ball_pivoting']"
valve_0391_lidar_classes.ply,ok,8302,10,10,0,53623,28035,complex,"['poisson', 'ball_pivoting']"
valve_0392_lidar_classes.ply,ok,7430,10,10,0,47179,24829,complex,"['poisson', 'ball_pivoting']"
valve_0393_lidar_classes.ply,ok,6627,9,9,0,29437,15476,complex,"['poisson', 'ball_pivoting']"
valve_0394_lidar_classes.ply,ok,7298,9,9,0,39991,20940,complex,"['poisson', 'ball_pivoting']"
valve_0395_lidar_classes.ply,ok,7315,10,10,0,45058,23618,complex,"['poisson', 'ball_pivoting']"
valve_0396_lidar_classes.ply,ok,7490,9,9,0,41127,21494,complex,"['poisson', 'ball_pivoting']"
valve_0397_lidar_classes.ply,ok,7832,10,10,0,44231,23247,complex,"['poisson', 'ball_pivoting']"
valve_0398_lidar_classes.ply,ok,6384,8,8,0,35076,18309,complex,"['poisson', 'ball_pivoting']"
valve_0399_lidar_classes.ply,ok,8246,10,10,0,53647,28217,complex,"['poisson', 'ball_pivoting']"
valve_0400_lidar_classes.ply,ok,6818,9,9,0,33875,17714,complex,"['poisson', 'ball_pivoting']"
valve_0401_lidar_classes.ply,ok,6873,10,10,0,35255,18489,complex,"['poisson', 'ball_pivoting']"
valve_0402_lidar_classes.ply,ok,6900,8,8,0,39629,20705,complex,"['poisson', 'ball_pivoting']"
valve_0403_lidar_classes.ply,ok,7953,10,10,0,42671,22434,complex,"['poisson', 'ball_pivoting']"
valve_0404_lidar_classes.ply,ok,7997,10,10,0,53217,27856,complex,"['poisson', 'ball_pivoting']"
valve_0405_lidar_classes.ply,ok,7437,10,10,0,45425,23820,complex,"['poisson', 'ball_pivoting']"
valve_0406_lidar_classes.ply,ok,7160,10,10,0,50729,26635,complex,"['poisson', 'ball_pivoting']"
valve_0407_lidar_classes.ply,ok,6581,8,8,0,35924,18777,complex,"['poisson', 'ball_pivoting']"
valve_0408_lidar_classes.ply,ok,7423,9,9,0,38561,20279,complex,"['poisson', 'ball_pivoting']"
valve_0409_lidar_classes.ply,ok,7051,9,9,0,40753,21336,complex,"['poisson', 'ball_pivoting']"
valve_0410_lidar_classes.ply,ok,8128,10,10,0,53467,28023,complex,"['poisson', 'ball_pivoting']"
valve_0411_lidar_classes.ply,ok,6962,9,9,0,34127,17983,complex,"['poisson', 'ball_pivoting']"
valve_0412_lidar_classes.ply,ok,6723,9,9,0,29720,15642,complex,"['poisson', 'ball_pivoting']"
valve_0413_lidar_classes.ply,ok,8489,10,10,0,53923,28235,complex,"['poisson', 'ball_pivoting']"
valve_0414_lidar_classes.ply,ok,6540,8,8,0,35732,18693,complex,"['poisson', 'ball_pivoting']"
valve_0415_lidar_classes.ply,ok,7146,9,9,0,41483,21765,complex,"['poisson', 'ball_pivoting']"
valve_0416_lidar_classes.ply,ok,8178,10,10,0,52345,27448,complex,"['poisson', 'ball_pivoting']"
valve_0417_lidar_classes.ply,ok,8129,10,10,0,51771,27110,complex,"['poisson', 'ball_pivoting']"
valve_0418_lidar_classes.ply,ok,6955,10,10,0,50690,26623,complex,"['poisson', 'ball_pivoting']"
valve_0419_lidar_classes.ply,ok,6923,8,8,0,36157,18949,complex,"['poisson', 'ball_pivoting']"
valve_0420_lidar_classes.ply,ok,7204,10,10,0,45439,23773,complex,"['poisson', 'ball_pivoting']"
valve_0421_lidar_classes.ply,ok,7245,9,9,0,41185,21547,complex,"['poisson', 'ball_pivoting']"
valve_0422_lidar_classes.ply,ok,7511,9,9,0,39929,20956,complex,"['poisson', 'ball_pivoting']"
valve_0423_lidar_classes.ply,ok,6617,8,8,0,35255,18418,complex,"['poisson', 'ball_pivoting']"
valve_0424_lidar_classes.ply,ok,6678,9,9,0,34551,18051,complex,"['poisson', 'ball_pivoting']"
valve_0425_lidar_classes.ply,ok,7458,10,10,0,52031,27225,complex,"['poisson', 'ball_pivoting']"
valve_0426_lidar_classes.ply,ok,6489,9,9,0,40584,21236,complex,"['poisson', 'ball_pivoting']"
valve_0427_lidar_classes.ply,ok,8549,10,10,0,52820,27591,complex,"['poisson', 'ball_pivoting']"
valve_0428_lidar_classes.ply,ok,7357,8,8,0,30220,15872,complex,"['poisson', 'ball_pivoting']"
valve_0429_lidar_classes.ply,ok,7247,8,8,0,27502,14403,complex,"['poisson', 'ball_pivoting']"
valve_0430_lidar_classes.ply,ok,8123,10,10,0,52456,27629,complex,"['poisson', 'ball_pivoting']"
valve_0431_lidar_classes.ply,ok,7189,9,9,0,30577,15986,complex,"['poisson', 'ball_pivoting']"
valve_0432_lidar_classes.ply,ok,7656,10,10,0,52019,27213,complex,"['poisson', 'ball_pivoting']"
valve_0433_lidar_classes.ply,ok,7428,10,10,0,43181,22683,complex,"['poisson', 'ball_pivoting']"
valve_0434_lidar_classes.ply,ok,8442,10,10,0,53191,27769,complex,"['poisson', 'ball_pivoting']"
valve_0435_lidar_classes.ply,ok,7615,10,10,0,51496,26966,complex,"['poisson', 'ball_pivoting']"
valve_0436_lidar_classes.ply,ok,6924,8,8,0,34003,17805,complex,"['poisson', 'ball_pivoting']"
valve_0437_lidar_classes.ply,ok,7844,10,10,0,43427,22812,complex,"['poisson', 'ball_pivoting']"
valve_0438_lidar_classes.ply,ok,7958,10,10,0,44097,23143,complex,"['poisson', 'ball_pivoting']"
valve_0439_lidar_classes.ply,ok,6818,9,9,0,36086,18879,complex,"['poisson', 'ball_pivoting']"
valve_0440_lidar_classes.ply,ok,6463,8,8,0,35172,18368,complex,"['poisson', 'ball_pivoting']"
valve_0441_lidar_classes.ply,ok,6473,9,9,0,30764,16081,complex,"['poisson', 'ball_pivoting']"
valve_0442_lidar_classes.ply,ok,8249,9,9,0,48733,25409,complex,"['poisson', 'ball_pivoting']"
valve_0443_lidar_classes.ply,ok,7265,10,10,0,46005,24054,complex,"['poisson', 'ball_pivoting']"
valve_0444_lidar_classes.ply,ok,6827,9,9,0,33158,17529,complex,"['poisson', 'ball_pivoting']"
valve_0445_lidar_classes.ply,ok,7023,9,9,0,41231,21534,complex,"['poisson', 'ball_pivoting']"
valve_0446_lidar_classes.ply,ok,6702,9,9,0,31286,16394,complex,"['poisson', 'ball_pivoting']"
valve_0447_lidar_classes.ply,ok,8197,10,10,0,52976,27720,complex,"['poisson', 'ball_pivoting']"
valve_0448_lidar_classes.ply,ok,7422,9,9,0,39470,20689,complex,"['poisson', 'ball_pivoting']"
valve_0449_lidar_classes.ply,ok,7464,9,9,0,46962,24551,complex,"['poisson', 'ball_pivoting']"
valve_0450_lidar_classes.ply,ok,6547,10,10,0,34788,18209,complex,"['poisson', 'ball_pivoting']"
valve_0451_lidar_classes.ply,ok,7991,10,10,0,53257,27822,complex,"['poisson', 'ball_pivoting']"
valve_0452_lidar_classes.ply,ok,7371,10,10,0,51224,26810,complex,"['poisson', 'ball_pivoting']"
valve_0453_lidar_classes.ply,ok,8105,10,10,0,44502,23367,complex,"['poisson', 'ball_pivoting']"
valve_0454_lidar_classes.ply,ok,7578,10,10,0,49356,25941,complex,"['poisson', 'ball_pivoting']"
valve_0455_lidar_classes.ply,ok,8042,10,10,0,43482,22799,complex,"['poisson', 'ball_pivoting']"
valve_0456_lidar_classes.ply,ok,7948,10,10,0,53089,27847,complex,"['poisson', 'ball_pivoting']"
valve_0457_lidar_classes.ply,ok,6603,10,10,0,36084,18898,complex,"['poisson', 'ball_pivoting']"
valve_0458_lidar_classes.ply,ok,8477,10,10,0,53119,27783,complex,"['poisson', 'ball_pivoting']"
valve_0459_lidar_classes.ply,ok,7350,10,10,0,50590,26460,complex,"['poisson', 'ball_pivoting']"
valve_0460_lidar_classes.ply,ok,7493,8,8,0,35768,18729,complex,"['poisson', 'ball_pivoting']"
valve_0461_lidar_classes.ply,ok,7298,10,10,0,39819,21001,complex,"['poisson', 'ball_pivoting']"
valve_0462_lidar_classes.ply,ok,7042,8,8,0,34420,18024,complex,"['poisson', 'ball_pivoting']"
valve_0463_lidar_classes.ply,ok,6953,10,10,0,46779,24459,complex,"['poisson', 'ball_pivoting']"
valve_0464_lidar_classes.ply,ok,8360,10,10,0,44018,23057,complex,"['poisson', 'ball_pivoting']"
valve_0465_lidar_classes.ply,ok,6439,9,9,0,34665,18241,complex,"['poisson', 'ball_pivoting']"
valve_0466_lidar_classes.ply,ok,7168,9,9,0,32723,17243,complex,"['poisson', 'ball_pivoting']"
valve_0467_lidar_classes.ply,ok,7566,10,10,0,39400,20655,complex,"['poisson', 'ball_pivoting']"
valve_0468_lidar_classes.ply,ok,8159,10,10,0,44018,23108,complex,"['poisson', 'ball_pivoting']"
valve_0469_lidar_classes.ply,ok,6908,8,8,0,34676,18184,complex,"['poisson', 'ball_pivoting']"
valve_0470_lidar_classes.ply,ok,7023,9,9,0,40384,21182,complex,"['poisson', 'ball_pivoting']"
valve_0471_lidar_classes.ply,ok,7698,9,9,0,49351,25729,complex,"['poisson', 'ball_pivoting']"
valve_0472_lidar_classes.ply,ok,6489,9,9,0,31615,16571,complex,"['poisson', 'ball_pivoting']"
valve_0473_lidar_classes.ply,ok,8066,10,10,0,54803,28734,complex,"['poisson', 'ball_pivoting']"
valve_0474_lidar_classes.ply,ok,6444,9,9,0,35874,18761,complex,"['poisson', 'ball_pivoting']"
valve_0475_lidar_classes.ply,ok,7089,10,10,0,45839,23995,complex,"['poisson', 'ball_pivoting']"
valve_0476_lidar_classes.ply,ok,7327,10,10,0,46518,24345,complex,"['poisson', 'ball_pivoting']"
valve_0477_lidar_classes.ply,ok,7514,10,10,0,42857,22477,complex,"['poisson', 'ball_pivoting']"
valve_0478_lidar_classes.ply,ok,7707,10,10,0,45243,23706,complex,"['poisson', 'ball_pivoting']"
valve_0479_lidar_classes.ply,ok,7275,10,10,0,45719,23905,complex,"['poisson', 'ball_pivoting']"
valve_0480_lidar_classes.ply,ok,7446,10,10,0,43131,22667,complex,"['poisson', 'ball_pivoting']"
valve_0481_lidar_classes.ply,ok,8386,10,10,0,55434,28982,complex,"['poisson', 'ball_pivoting']"
valve_0482_lidar_classes.ply,ok,7933,10,10,0,42831,22447,complex,"['poisson', 'ball_pivoting']"
valve_0483_lidar_classes.ply,ok,8232,10,10,0,43194,22680,complex,"['poisson', 'ball_pivoting']"
valve_0484_lidar_classes.ply,ok,7831,9,9,0,47826,25147,complex,"['poisson', 'ball_pivoting']"
valve_0485_lidar_classes.ply,ok,6941,9,9,0,31641,16530,complex,"['poisson', 'ball_pivoting']"
valve_0486_lidar_classes.ply,ok,7470,9,9,0,47049,24682,complex,"['poisson', 'ball_pivoting']"
valve_0487_lidar_classes.ply,ok,8323,10,10,0,43761,22930,complex,"['poisson', 'ball_pivoting']"
valve_0488_lidar_classes.ply,ok,7949,10,10,0,43352,22794,complex,"['poisson', 'ball_pivoting']"
valve_0489_lidar_classes.ply,ok,6540,9,9,0,35778,18740,complex,"['poisson', 'ball_pivoting']"
valve_0490_lidar_classes.ply,ok,7588,10,10,0,52103,27248,complex,"['poisson', 'ball_pivoting']"
valve_0491_lidar_classes.ply,ok,7349,10,10,0,41868,22017,complex,"['poisson', 'ball_pivoting']"
valve_0492_lidar_classes.ply,ok,7710,10,10,0,54069,28328,complex,"['poisson', 'ball_pivoting']"
valve_0493_lidar_classes.ply,ok,6657,10,10,0,40581,21242,complex,"['poisson', 'ball_pivoting']"
valve_0494_lidar_classes.ply,ok,8135,10,10,0,43647,22833,complex,"['poisson', 'ball_pivoting']"
valve_0495_lidar_classes.ply,ok,6677,10,10,0,39289,20591,complex,"['poisson', 'ball_pivoting']"
valve_0496_lidar_classes.ply,ok,6723,9,9,0,34573,18163,complex,"['poisson', 'ball_pivoting']"
valve_0497_lidar_classes.ply,ok,7254,10,10,0,45166,23618,complex,"['poisson', 'ball_pivoting']"
valve_0498_lidar_classes.ply,ok,7203,9,9,0,39462,20590,complex,"['poisson', 'ball_pivoting']"
valve_0499_lidar_classes.ply,ok,7770,9,9,0,47728,24979,complex,"['poisson', 'ball_pivoting']"
valve_0500_lidar_classes.ply,ok,7343,10,10,0,44983,23545,complex,"['poisson', 'ball_pivoting']"
